Bill Number,Roll Call Number,Year,Congress Number,Republican Yes,Republican No,Democratic Yes,Democratic No,Other Yes,Other No
H R 3892,5,2010,111,151,1,205,0,0,0
H R 3538,11,2010,111,164,4,61,187,0,0
H R 3254,12,2010,111,14,153,240,5,0,0
H R 3342,13,2010,111,15,149,234,4,0,0
H R 730,16,2010,111,155,9,242,1,0,0
H R 4474,22,2010,111,170,0,245,0,0,0
H R 3726,23,2010,111,0,171,240,4,0,0
H R 4495,26,2010,111,161,0,229,0,0,0
H R 4532,47,2010,111,165,6,247,0,0,0
H R 4425,49,2010,111,137,0,193,0,0,0
H R 2314,59,2010,111,6,160,239,4,0,0
H R 4626,64,2010,111,153,19,253,0,0,0
H R 3961,67,2010,111,153,10,162,87,0,0
H R 3820,76,2010,111,108,48,227,2,0,0
H R 4247,82,2010,111,24,145,238,8,0,0
H R 4621,97,2010,111,170,0,246,0,0,0
H R 3650,109,2010,111,38,98,213,5,0,0
H R 4506,111,2010,111,129,4,216,1,0,0
S 1147,124,2010,111,150,20,237,5,0,0
H R 3954,125,2010,111,171,1,247,0,0,0
H R 4825,127,2010,111,171,0,242,1,0,0
H R 4214,128,2010,111,173,0,246,0,0,0
H R 3542,133,2010,111,169,0,239,0,0,0
H R 3509,134,2010,111,147,23,235,3,0,0
H R 3671,137,2010,111,49,117,240,4,0,0
H R 2788,138,2010,111,166,0,244,0,0,0
H R 3644,142,2010,111,8,161,236,9,0,0
H R 4003,143,2010,111,50,114,243,1,0,0
H R 4395,144,2010,111,138,27,234,4,0,0
H R 1612,151,2010,111,58,114,230,2,0,0
H R 4887,152,2010,111,171,0,232,0,0,0
H R 4840,155,2010,111,177,0,243,0,0,0
H R 3976,176,2010,111,168,4,248,0,0,0
H R 4592,177,2010,111,152,19,245,0,0,0
H R 4849,182,2010,111,4,171,242,7,0,0
H R 4098,183,2010,111,160,13,248,0,0,0
H R 1879,184,2010,111,171,1,245,0,0,0
H R 4360,192,2010,111,171,0,246,0,0,0
H R 4872,194,2010,111,0,175,220,32,0,0
H R 3125,201,2010,111,150,18,244,0,0,0
H R 4715,209,2010,111,38,126,240,2,0,0
H R 4851,211,2010,111,49,111,240,1,0,0
S 1963,214,2010,111,174,0,245,0,0,0
H R 4543,221,2010,111,156,0,214,0,0,0
H R 4861,223,2010,111,153,0,218,0,0,0
H R 5017,225,2010,111,108,62,244,0,0,0
H R 5146,226,2010,111,170,0,232,15,0,0
H R 5013,230,2010,111,170,3,247,0,0,0
H R 5014,260,2010,111,171,0,246,0,0,0
H R 4614,274,2010,111,124,32,233,0,0,0
H R 1514,276,2010,111,119,44,245,1,0,0
H R 5099,280,2010,111,163,1,247,0,0,0
H R 5327,284,2010,111,166,1,244,3,0,0
H R 5128,290,2010,111,164,1,245,0,0,0
H R 1017,292,2010,111,146,6,219,0,0,0
H R 5330,293,2010,111,150,4,216,0,0,0
H R 5145,294,2010,111,165,2,248,0,0,0
H R 3885,298,2010,111,159,4,244,0,0,0
H R 2711,299,2010,111,167,0,249,0,0,0
H R 5136,336,2010,111,9,160,220,26,0,0
H R 1061,337,2010,111,146,0,201,0,0,0
H R 5278,345,2010,111,169,0,247,0,0,0
H R 5133,346,2010,111,165,0,244,0,0,0
H R 5072,353,2010,111,165,3,241,1,0,0
S 3473,354,2010,111,165,0,245,0,0,0
H R 5502,357,2010,111,147,0,210,0,0,0
H R 4855,360,2010,111,19,147,230,16,0,0
H R 5486,363,2010,111,5,162,242,8,0,0
H R 5481,382,2010,111,169,1,251,0,0,0
H R 3993,383,2010,111,133,41,248,0,0,0
H R 5175,391,2010,111,2,170,217,36,0,0
H R 3962,393,2010,111,170,0,247,1,0,0
H R 2194,394,2010,111,167,2,241,6,0,0
H R 5552,400,2010,111,170,1,242,5,0,0
H R 5623,401,2010,111,165,5,244,0,0,0
H R 5395,403,2010,111,170,0,239,0,0,0
H R 4307,405,2010,111,171,0,246,0,0,0
H R 4505,408,2010,111,171,0,249,0,0,0
H R 1554,411,2010,111,175,0,246,1,0,0
H R 4445,414,2010,111,169,0,242,0,0,0
H R 2340,416,2010,111,173,0,237,0,0,0
H R 5618,423,2010,111,29,142,241,11,0,0
H R 5609,425,2010,111,167,1,241,3,0,0
H R 4514,434,2010,111,125,26,225,0,0,0
H R 4438,435,2010,111,39,113,225,1,0,0
H R 4773,436,2010,111,151,0,228,0,0,0
S 1508,442,2010,111,170,0,244,0,0,0
H R 5114,447,2010,111,85,89,244,1,0,0
H R 5604,452,2010,111,163,0,239,0,0,0
H R 725,455,2010,111,78,92,248,0,0,0
H R 4380,456,2010,111,129,42,249,1,0,0
H R 5566,459,2010,111,167,3,249,0,0,0
H R 1469,462,2010,111,167,4,246,0,0,0
H R 4213,463,2010,111,31,142,241,10,0,0
H R 5341,464,2010,111,165,0,246,0,0,0
H R 1320,467,2010,111,27,124,223,0,0,0
H R 3101,469,2010,111,128,23,220,0,0,0
H R 5730,471,2010,111,163,6,231,17,0,0
H R 4899,474,2010,111,160,12,148,102,0,0
H R 4748,475,2010,111,165,0,248,0,0,0
H R 4692,477,2010,111,132,38,247,0,0,0
H R 5827,479,2010,111,168,1,139,112,0,0
H R 5822,482,2010,111,164,6,247,0,0,0
H R 3040,487,2010,111,89,79,246,2,0,0
H R 5850,499,2010,111,14,154,237,13,0,0
H R 5901,502,2010,111,155,10,247,1,0,0
H R 5414,504,2010,111,162,0,246,0,0,0
H R 5851,506,2010,111,68,92,247,1,0,0
H R 3534,513,2010,111,2,154,207,39,0,0
H R 1586,518,2010,111,2,158,245,3,0,0
H R 2039,521,2010,111,139,35,232,1,0,0
H R 5873,522,2010,111,174,0,237,0,0,0
H R 5366,524,2010,111,173,0,236,0,0,0
H R 4785,530,2010,111,6,167,234,5,0,0
H R 5131,532,2010,111,1,168,214,6,0,0
H R 3470,533,2010,111,106,64,218,0,0,0
H R 5110,537,2010,111,2,172,242,2,0,0
H R 4823,538,2010,111,12,160,246,0,0,0
H R 5297,539,2010,111,1,174,236,13,0,0
H R 5307,540,2010,111,166,3,246,0,0,0
H R 5756,541,2010,111,147,24,246,0,0,0
H R 3199,542,2010,111,165,5,247,0,0,0
H R 1745,543,2010,111,170,1,247,0,0,0
H R 5710,544,2010,111,140,31,244,1,0,0
H R 3685,551,2010,111,174,0,251,0,0,0
H R 5993,552,2010,111,109,64,249,2,0,0
H R 2378,554,2010,111,99,74,249,5,0,0
H R 6160,555,2010,111,74,97,251,1,0,0
H R 4072,556,2010,111,161,10,251,0,0,0
H R 2701,558,2010,111,1,172,243,9,0,0
S 3729,561,2010,111,119,54,185,64,0,0
H R 946,562,2010,111,92,80,249,2,0,0
H R 512,563,2010,111,45,128,251,1,0,0
H R 3081,564,2010,111,1,172,227,22,0,0
H R 3940,565,2010,111,159,3,227,2,0,0
S 3689,566,2010,111,164,0,221,0,0,0
H R 3808,573,2010,111,169,5,16,230,0,0
H R 5758,574,2010,111,172,0,245,0,0,0
H R 1722,578,2010,111,14,149,240,3,0,0
H R 6419,579,2010,111,21,143,237,11,0,0
S 3774,580,2010,111,127,32,239,8,0,0
H R 5877,581,2010,111,154,0,212,0,0,0
H R 4783,584,2010,111,16,149,240,3,0,0
H R 6469,601,2010,111,166,3,250,0,0,0
S 3307,603,2010,111,17,153,247,4,0,0
H R 6400,608,2010,111,157,0,225,0,0,0
H R 5987,611,2010,111,26,141,228,12,0,0
H R 6495,616,2010,111,1,166,213,27,0,0
H R 4501,620,2010,111,85,81,239,0,0,0
S 3998,624,2010,111,163,2,238,0,0,0
H R 5281,625,2010,111,8,160,208,38,0,0
H R 4994,626,2010,111,166,1,243,1,0,0
H R 6412,627,2010,111,151,1,220,0,0,0
S 1405,628,2010,111,153,0,211,0,0,0
S 3167,629,2010,111,1,154,200,13,0,0
H R 6510,630,2010,111,153,0,210,0,0,0
H R 5446,631,2010,111,166,0,239,0,0,0
H R 6205,634,2010,111,165,0,234,0,0,0
H R 2965,638,2010,111,15,160,235,15,0,0
S 841,640,2010,111,137,30,242,0,0,0
S 3860,641,2010,111,164,3,243,0,0,0
S 3447,642,2010,111,164,3,245,0,0,0
S 987,645,2010,111,12,157,229,9,0,0
H R 4853,647,2010,111,138,36,139,112,0,0
H R 1107,649,2010,111,159,0,226,0,0,0
H R 6523,650,2010,111,154,6,187,42,0,0
H R 628,651,2010,111,153,1,218,0,0,0
H R 5510,655,2010,111,6,140,204,5,0,0
S 3874,656,2010,111,31,108,195,1,0,0
H R 6540,658,2010,111,122,21,203,2,0,0
H R 5116,659,2010,111,16,130,212,0,0,0
H R 2142,660,2010,111,8,138,208,1,0,0
H R 2751,661,2010,111,10,136,205,8,0,0
H R 3082,662,2010,111,1,146,192,19,0,0
H R 6547,663,2010,111,113,20,201,0,0,0
H R 847,664,2010,111,31,59,175,1,0,0
H R 292,12,2011,112,234,0,165,0,0,0
S 188,27,2011,112,238,0,191,0,0,0
H R 519,28,2011,112,236,2,23,167,0,0
H R 514,66,2011,112,211,26,68,117,0,0
H R 394,148,2011,112,226,0,176,0,0,0
H R 347,149,2011,112,223,3,176,0,0,0
H R 368,150,2011,112,220,4,176,0,0,0
H R 662,160,2011,112,232,3,189,1,0,0
H R 570,163,2011,112,221,12,180,0,0,0
H R 525,164,2011,112,95,138,185,0,0,0
H R 830,171,2011,112,238,1,18,170,0,0
H R 836,174,2011,112,234,2,8,175,0,0
H R 793,175,2011,112,228,0,166,0,0,0
H R 861,188,2011,112,237,2,5,180,0,0
H R 839,198,2011,112,234,2,18,168,0,0
H R 471,204,2011,112,224,9,1,186,0,0
H R 872,206,2011,112,235,0,57,130,0,0
H R 658,220,2011,112,221,11,2,185,0,0
H R 1255,224,2011,112,221,15,0,187,0,0
H R 1246,225,2011,112,226,0,167,0,0,0
H R 910,249,2011,112,236,0,19,172,0,0
H R 1363,253,2011,112,208,28,140,42,0,0
H R 1308,254,2011,112,229,2,165,16,0,0
S 307,255,2011,112,227,2,181,1,0,0
H R 1217,264,2011,112,232,0,4,183,0,0
H R 1473,268,2011,112,179,59,81,108,0,0
H R 1213,285,2011,112,233,0,5,183,0,0
H R 1230,298,2011,112,233,2,33,147,0,0
H R 1229,309,2011,112,235,0,28,163,0,0
H R 1231,320,2011,112,222,9,21,170,0,0
H R 754,329,2011,112,223,3,169,12,0,0
H R 1627,330,2011,112,217,0,163,0,0,0
H R 1657,332,2011,112,220,1,165,0,0,0
H R 1216,340,2011,112,231,4,3,181,0,0
S 990,376,2011,112,196,31,54,122,0,0
H R 1484,377,2011,112,234,1,185,0,0,0
S 1082,378,2011,112,224,11,163,22,0,0
H R 1954,379,2011,112,0,236,97,82,0,0
H R 802,383,2011,112,222,11,186,0,0,0
H R 2017,409,2011,112,214,20,17,168,0,0
H R 1632,460,2011,112,224,0,172,0,0,0
H R 771,461,2011,112,225,0,173,0,0,0
S 349,462,2011,112,225,0,172,0,0,0
H R 672,466,2011,112,235,0,0,187,0,0
H R 2021,478,2011,112,230,2,23,164,0,0
H R 1249,491,2011,112,168,67,136,50,0,0
H R 2278,494,2011,112,144,89,36,149,0,0
H R 2219,532,2011,112,224,12,112,75,0,0
H R 2417,563,2011,112,228,10,5,183,0,0
H R 2018,573,2011,112,223,13,16,171,0,0
H R 2354,600,2011,112,209,21,10,175,0,0
H R 33,601,2011,112,181,1,129,0,0,0
H R 2560,606,2011,112,229,9,5,181,0,0
H R 2553,611,2011,112,230,6,13,171,0,0
H R 1315,621,2011,112,231,1,10,172,0,0
H R 2551,629,2011,112,213,16,39,143,0,0
H R 1383,638,2011,112,237,0,187,0,0,0
H R 1938,650,2011,112,232,3,47,144,0,0
H R 2584,670,2011,112,181,55,0,185,0,0
H R 440,673,2011,112,216,20,186,0,0,0
H R 2244,674,2011,112,235,0,183,1,0,0
S 627,677,2011,112,218,22,0,188,0,0
H R 2213,678,2011,112,236,0,184,0,0,0
H R 1975,679,2011,112,234,0,182,0,0,0
H R 1843,680,2011,112,231,3,183,0,0,0
H R 2693,682,2011,112,0,235,173,11,0,0
H R 2715,683,2011,112,236,0,185,2,0,0
H R 398,684,2011,112,238,0,188,0,0,0
H R 1933,685,2011,112,220,16,187,1,0,0
S 365,690,2011,112,174,66,95,95,0,0
H R 2480,691,2011,112,201,23,181,0,0,0
H R 2076,699,2011,112,204,9,154,0,0,0
H R 2633,700,2011,112,222,0,162,0,0,0
H R 1059,701,2011,112,223,0,161,0,0,0
H R 2218,705,2011,112,219,13,146,41,0,0
H R 2867,709,2011,112,208,21,183,0,0,0
H R 2587,711,2011,112,230,7,8,179,0,0
H R 2944,712,2011,112,232,0,183,0,0,0
H R 2189,713,2011,112,214,18,184,0,0,0
H R 2646,714,2011,112,228,3,184,0,0,0
S 846,718,2011,112,229,2,178,0,0,0
H R 2883,720,2011,112,211,25,184,0,0,0
H R 2401,741,2011,112,230,4,19,165,0,0
H R 686,742,2011,112,226,0,174,0,0,0
H R 765,743,2011,112,226,0,168,0,0,0
H R 670,744,2011,112,224,0,173,0,0,0
H R 2608,745,2011,112,182,53,170,13,0,0
H R 2681,764,2011,112,237,2,25,159,0,0
H R 3078,781,2011,112,231,9,31,158,0,0
H R 3079,782,2011,112,234,6,66,123,0,0
H R 3080,783,2011,112,219,21,59,130,0,0
H R 2832,784,2011,112,118,122,189,0,0,0
H R 2433,785,2011,112,235,5,183,1,0,0
H R 358,789,2011,112,236,2,15,170,0,0
H R 2250,791,2011,112,234,0,41,142,0,0
H R 2273,800,2011,112,230,3,37,141,0,0
H R 320,801,2011,112,224,1,168,0,0,0
H R 1160,802,2011,112,224,0,171,0,0,0
H R 2447,804,2011,112,237,0,185,0,0,0
H R 1904,809,2011,112,228,8,7,178,0,0
H R 2527,812,2011,112,230,3,186,0,0,0
H R 2576,813,2011,112,235,0,27,157,0,0
S 1280,817,2011,112,234,0,172,0,0,0
H R 2061,818,2011,112,240,0,185,0,0,0
H R 1965,819,2011,112,236,1,184,1,0,0
H R 1070,820,2011,112,238,0,183,1,0,0
H R 2930,825,2011,112,238,0,169,17,0,0
H R 2940,828,2011,112,238,0,175,11,0,0
H R 3321,831,2011,112,224,0,163,2,0,0
S 1412,837,2011,112,222,0,163,0,0,0
H R 298,838,2011,112,225,0,166,0,0,0
H R 2422,839,2011,112,225,0,165,0,0,0
H R 2838,841,2011,112,1,235,188,0,0,0
H R 822,852,2011,112,229,7,43,147,0,0
H R 674,853,2011,112,232,0,190,0,0,0
H R 2112,857,2011,112,133,101,165,20,0,0
H R 3012,860,2011,112,210,13,179,2,0,0
H R 2192,861,2011,112,224,1,183,0,0,0
H R 1801,862,2011,112,225,0,179,0,0,0
H R 3094,869,2011,112,229,8,6,180,0,0
H R 3463,873,2011,112,235,1,0,189,0,0
H R 527,880,2011,112,235,0,28,159,0,0
H R 3010,888,2011,112,234,0,19,167,0,0
H R 2471,891,2011,112,227,7,76,109,0,0
H R 10,901,2011,112,237,0,4,184,0,0
H R 1254,904,2011,112,220,16,97,82,0,0
H R 1633,912,2011,112,235,0,33,150,0,0
H R 3220,913,2011,112,201,0,150,0,0,0
H R 2158,914,2011,112,200,1,153,0,0,0
H R 3246,920,2011,112,232,0,183,0,0,0
S 384,921,2011,112,232,1,185,0,0,0
H R 2767,924,2011,112,234,0,186,0,0,0
H R 1905,927,2011,112,233,2,177,9,0,0
H R 2105,928,2011,112,234,0,184,2,0,0
H R 3421,929,2011,112,231,0,185,0,0,0
H R 1264,930,2011,112,232,1,186,0,0,0
H R 1540,932,2011,112,190,43,93,93,0,0
H R 886,934,2011,112,229,1,183,0,0,0
H R 2719,935,2011,112,233,0,183,0,0,0
H R 443,936,2011,112,226,4,181,0,0,0
H R 1892,939,2011,112,230,4,166,19,0,0
S 278,940,2011,112,231,0,182,0,0,0
H R 2055,941,2011,112,147,86,149,35,0,0
H R 3672,943,2011,112,169,66,182,1,0,0
H R 3630,948,2011,112,2,234,181,4,0,0
H R 3117,5,2012,112,214,1,159,0,0,0
H R 1141,6,2012,112,116,100,162,0,0,0
H R 2070,8,2012,112,233,0,153,26,0,0
H R 3801,11,2012,112,227,0,181,0,0,0
H R 1173,18,2012,112,239,0,28,159,0,0
H R 3835,19,2012,112,237,2,72,115,0,0
H R 3567,20,2012,112,236,1,159,26,0,0
H R 3582,30,2012,112,238,0,4,179,0,0
H R 3581,42,2012,112,238,2,7,178,0,0
S 2038,47,2012,112,232,2,185,0,0,0
H R 2079,52,2012,112,233,2,185,0,0,0
H R 3247,53,2012,112,235,0,184,0,0,0
H R 3248,54,2012,112,233,0,179,0,0,0
H R 3408,71,2012,112,216,21,21,166,0,0
H R 2117,79,2012,112,234,0,69,114,0,0
H R 1837,91,2012,112,236,1,10,174,0,0
S 1134,93,2012,112,219,16,120,64,0,0
H R 3637,95,2012,112,217,2,145,0,0,0
H R 4105,96,2012,112,194,39,176,0,0,0
H R 665,114,2012,112,227,0,176,0,0,0
H R 2087,117,2012,112,223,3,17,161,0,0
H R 2779,127,2012,112,223,0,134,36,0,0
H R 2682,128,2012,112,224,0,146,24,0,0
H R 3606,132,2012,112,235,0,145,41,0,0
H R 3298,133,2012,112,230,5,184,0,0,0
H R 4281,147,2012,112,229,10,37,148,0,0
H R 3001,152,2012,112,216,0,161,0,0,0
H R 3336,180,2012,112,239,0,73,111,0,0
H R 3523,192,2012,112,206,28,42,140,0,0
H R 2096,193,2012,112,220,10,175,0,0,0
H R 4628,195,2012,112,202,30,13,165,0,0
H R 2072,224,2012,112,147,93,183,0,0,0
H R 4133,225,2012,112,236,1,175,1,0,0
H R 5652,247,2012,112,218,16,0,183,0,0
H R 5326,249,2012,112,224,8,23,155,0,0
H R 365,250,2012,112,222,1,172,0,0,0
H R 3874,251,2012,112,224,1,176,0,0,0
H R 4119,256,2012,112,233,3,183,1,0,0
H R 4970,258,2012,112,216,23,6,182,0,0
H R 5740,262,2012,112,221,17,181,1,0,0
H R 5651,294,2012,112,219,4,168,1,0,0
H R 4201,295,2012,112,220,2,170,0,0,0
H R 3541,299,2012,112,226,7,20,161,0,0
H R 5743,301,2012,112,224,7,162,21,0,0
H R 5854,305,2012,112,226,8,181,4,0,0
H R 436,361,2012,112,233,0,37,146,0,0
H R 5855,370,2012,112,217,16,17,166,0,0
H R 5882,377,2012,112,211,19,96,83,0,0
S 684,379,2012,112,216,3,167,0,0,0
S 404,380,2012,112,217,0,163,0,0,0
H R 2578,387,2012,112,216,19,16,169,0,0
H R 2938,388,2012,112,232,4,111,74,0,0
H R 4480,410,2012,112,229,5,19,158,0,0
H R 4251,438,2012,112,220,18,182,3,0,0
H R 4005,439,2012,112,228,8,183,1,0,0
H R 5972,450,2012,112,182,55,79,108,0,0
H R 4348,451,2012,112,186,52,187,0,0,0
H R 4155,452,2012,112,206,0,163,0,0,0
H R 5892,454,2012,112,208,0,164,0,0,0
H R 6079,460,2012,112,239,0,5,185,0,0
H R 4402,468,2012,112,234,0,22,160,0,0
H R 6018,469,2012,112,166,60,167,1,0,0
S 2009,470,2012,112,212,11,166,0,0,0
H R 5872,471,2012,112,237,0,177,2,0,0
H R 5856,498,2012,112,225,11,101,79,0,0
H R 2362,499,2012,112,179,42,43,118,0,0
S 2039,500,2012,112,117,103,9,151,0,0
H R 3477,501,2012,112,219,0,160,0,0,0
H R 6082,511,2012,112,228,9,25,161,0,0
H R 6168,512,2012,112,1,238,163,23,0,0
H R 459,513,2012,112,238,1,89,97,0,0
H R 4078,536,2012,112,232,2,13,170,0,0
S 679,537,2012,112,95,115,166,1,0,0
H R 828,538,2012,112,204,6,59,108,0,0
H R 3803,539,2012,112,203,6,17,148,0,0
H R 4365,547,2012,112,232,3,182,3,0,0
H R 6169,552,2012,112,232,3,0,186,0,0
H R 6233,554,2012,112,188,46,35,151,0,0
H R 6122,557,2012,112,214,0,163,0,0,0
H R 2139,558,2012,112,213,2,163,0,0,0
H R 6186,559,2012,112,204,11,160,0,0,0
H R 4264,562,2012,112,223,7,179,0,0,0
H R 5544,568,2012,112,223,8,2,181,0,0
H R 5949,569,2012,112,227,7,74,111,0,0
H R 3857,570,2012,112,176,57,179,5,0,0
H R 5865,571,2012,112,157,76,182,1,0,0
H R 1775,575,2012,112,229,2,181,1,0,0
H R 6365,577,2012,112,222,12,1,184,0,0
S 3245,580,2012,112,228,3,184,0,0,0
H R 6213,584,2012,112,223,4,22,157,0,0
H R 5044,585,2012,112,226,0,174,0,0,0
H R 5912,586,2012,112,225,0,85,95,0,0
H R 3409,603,2012,112,214,13,19,162,0,0
H R 6371,604,2012,112,212,3,149,0,0,0
H R 2453,607,2012,112,207,18,163,1,0,0
H R 6156,608,2012,112,227,6,138,37,0,0
H R 5997,609,2012,112,223,1,174,0,0,0
H R 915,610,2012,112,222,3,175,1,0,0
H R 6429,613,2012,112,218,5,27,134,0,0
H R 6582,614,2012,112,218,2,180,0,0,0
H R 6602,618,2012,112,216,0,176,0,0,0
S 2367,619,2012,112,217,1,181,0,0,0
H R 6190,623,2012,112,198,29,31,153,0,0
H R 4053,626,2012,112,222,0,180,0,0,0
H R 4606,627,2012,112,177,0,109,10,0,0
S 3193,628,2012,112,178,0,128,0,0,0
H R 6504,629,2012,112,187,36,172,0,0,0
H R 3783,630,2012,112,217,5,169,1,0,0
H R 6621,631,2012,112,157,70,151,19,0,0
S 3642,632,2012,112,221,4,167,0,0,0
H R 6672,633,2012,112,205,16,178,0,0,0
H R 1845,634,2012,112,223,3,178,0,0,0
H R 6655,636,2012,112,151,77,179,0,0,0
S 3564,637,2012,112,227,1,182,0,0,0
H R 6016,638,2012,112,224,0,178,2,0,0
H R 6684,644,2012,112,215,21,0,188,0,0
H R 4310,645,2012,112,205,30,110,77,0,0
H R 3197,646,2012,112,234,1,187,0,0,0
H R 6443,647,2012,112,236,0,186,0,0,0
S 925,648,2012,112,228,6,180,1,0,0
H R 3159,649,2012,112,221,0,169,0,0,0
H R 4057,650,2012,112,220,3,172,0,0,0
S 3202,651,2012,112,220,0,173,0,0,0
S 3454,652,2012,112,222,5,151,24,0,0
H R 6612,653,2012,112,227,0,177,0,0,0
H R 6364,654,2012,112,223,5,178,0,0,0
H R 6726,655,2012,112,232,2,55,127,0,0
H R 4212,657,2012,112,195,37,183,0,0,0
H R 41,7,2013,113,161,67,193,0,0,0
H R 219,8,2013,113,222,0,181,0,0,0
H R 152,23,2013,113,49,179,192,1,0,0
H R 325,30,2013,113,199,33,86,111,0,0
H R 225,31,2013,113,193,27,182,0,0,0
H R 444,38,2013,113,227,1,26,166,0,0
H R 592,39,2013,113,224,6,130,66,0,0
H R 267,40,2013,113,228,0,194,0,0,0
H R 273,44,2013,113,218,10,43,144,0,0
H R 667,47,2013,113,213,0,181,0,0,0
H R 307,56,2013,113,192,28,178,0,0,0
H R 668,57,2013,113,229,0,163,28,0,0
H R 338,58,2013,113,224,5,197,0,0,0
H R 1035,63,2013,113,208,17,189,0,0,0
H R 890,68,2013,113,228,3,18,178,0,0
H R 933,89,2013,113,203,27,115,82,0,0
H R 254,90,2013,113,219,1,181,3,0,0
H R 1033,91,2013,113,101,122,182,0,0,0
H R 678,96,2013,113,228,0,188,7,0,0
H R 1120,101,2013,113,219,10,0,199,0,0
H R 1162,103,2013,113,222,0,186,0,0,0
H R 882,104,2013,113,220,0,187,0,0,0
H R 249,105,2013,113,215,7,35,152,0,0
H R 756,107,2013,113,207,16,195,0,0,0
H R 967,108,2013,113,210,11,196,0,0,0
H R 624,117,2013,113,196,29,92,98,0,0
H R 1067,118,2013,113,221,0,188,0,0,0
H R 1068,119,2013,113,221,0,188,0,0,0
H R 1765,125,2013,113,202,12,159,29,0,0
H R 588,129,2013,113,213,2,185,0,0,0
H R 291,130,2013,113,212,2,178,0,0,0
H R 507,131,2013,113,216,2,185,0,0,0
H R 1406,137,2013,113,220,8,3,196,0,0
H R 807,142,2013,113,221,8,0,199,0,0
H R 180,144,2013,113,222,2,184,0,0,0
H R 1580,145,2013,113,223,0,190,0,0,0
H R 701,148,2013,113,229,0,187,6,0,0
H R 384,149,2013,113,227,3,193,0,0,0
H R 45,154,2013,113,227,0,2,195,0,0
H R 1062,160,2013,113,218,0,17,161,0,0
H R 258,161,2013,113,207,3,183,0,0,0
H R 1073,162,2013,113,206,3,184,0,0,0
H R 324,165,2013,113,220,0,195,0,0,0
H R 1344,166,2013,113,219,0,194,0,0,0
H R 1206,184,2013,113,222,0,179,0,0,0
S 622,185,2013,113,222,0,168,12,0,0
H R 2216,193,2013,113,229,0,192,4,0,0
H R 2217,211,2013,113,220,10,25,172,0,0
H R 1157,213,2013,113,224,0,185,0,0,0
H R 634,215,2013,113,230,0,181,12,0,0
H R 742,216,2013,113,229,0,191,2,0,0
H R 1256,218,2013,113,228,2,73,122,0,0
H R 1038,219,2013,113,230,0,193,0,0,0
H R 1960,244,2013,113,212,18,103,90,0,0
H R 876,245,2013,113,211,0,187,0,0,0
H R 253,246,2013,113,210,1,187,0,0,0
H R 862,247,2013,113,209,1,186,0,0,0
H R 1151,250,2013,113,229,0,195,0,0,0
H R 1797,251,2013,113,222,6,6,190,0,0
H R 1896,252,2013,113,200,27,194,0,0,0
H R 1947,286,2013,113,171,62,24,172,0,0
H R 2383,287,2013,113,212,2,183,0,0,0
H R 1092,288,2013,113,210,3,182,0,0,0
H R 1613,293,2013,113,228,1,28,170,0,0
H R 1864,294,2013,113,226,0,197,0,0,0
H R 2231,304,2013,113,219,6,16,180,0,0
H R 1341,305,2013,113,207,0,146,24,0,0
H R 1564,306,2013,113,211,0,110,62,0,0
H R 1171,307,2013,113,212,1,175,0,0,0
H R 2609,345,2013,113,219,9,8,189,0,0
H R 1848,355,2013,113,223,0,188,0,0,0
H R 2667,361,2013,113,229,1,35,160,0,0
H R 2668,363,2013,113,229,1,22,173,0,0
H R 1542,375,2013,113,215,2,173,1,0,0
H R 2397,414,2013,113,220,8,95,101,0,0
H R 2610,425,2013,113,9,215,107,80,0,0
H R 1911,426,2013,113,221,6,171,25,0,0
H R 850,427,2013,113,222,3,178,17,0,0
H R 1582,432,2013,113,223,0,9,181,0,0
H R 1897,435,2013,113,220,2,185,1,0,0
H R 2879,436,2013,113,224,2,15,174,0,0
H R 367,445,2013,113,226,0,6,183,0,0
H R 2009,447,2013,113,228,0,4,185,0,0
H R 2052,448,2013,113,194,32,185,0,0,0
H R 2844,449,2013,113,227,0,188,0,0,0
H R 1155,450,2013,113,221,6,176,0,0,0
H R 2747,451,2013,113,218,10,178,0,0,0
S 130,452,2013,113,226,1,182,0,0,0
S 304,453,2013,113,226,1,193,0,0,0
S 256,454,2013,113,227,0,188,0,0,0
S 459,455,2013,113,222,5,192,0,0,0
H R 3092,460,2013,113,221,2,186,0,0,0
H R 2449,461,2013,113,224,0,183,0,0,0
S 793,462,2013,113,202,24,181,0,0,0
H R 301,465,2013,113,207,21,195,1,0,0
H R 761,471,2013,113,231,0,15,178,0,0
H R 3102,476,2013,113,217,15,0,195,0,0
H R 1526,483,2013,113,227,1,17,172,0,0
H R 1961,484,2013,113,198,5,82,84,0,0
H R 3095,486,2013,113,222,0,183,0,0,0
H R 2600,487,2013,113,224,0,186,0,0,0
H R 687,490,2013,113,6,216,185,1,0,0
H R 1412,491,2013,113,222,0,180,0,0,0
H R 3096,492,2013,113,219,2,184,0,0,0
H R 2251,496,2013,113,225,3,191,1,0,0
H R 3210,499,2013,113,231,0,192,0,0,0
H R 2848,500,2013,113,194,35,190,2,0,0
S 1348,503,2013,113,192,35,195,0,0,0
H R 3230,516,2013,113,229,0,36,160,0,0
H R 3223,525,2013,113,218,0,189,0,0,0
H R 3273,534,2013,113,222,5,2,192,0,0
H R 2642,546,2013,113,9,204,186,0,0,0
H R 2775,550,2013,113,87,144,198,0,0,0
H R 185,551,2013,113,212,1,190,0,0,0
H R 3205,552,2013,113,212,0,190,0,0,0
H R 2011,562,2013,113,219,2,185,0,0,0
H R 2374,567,2013,113,224,1,30,165,0,0
H R 992,569,2013,113,222,3,70,119,0,0
H R 2871,571,2013,113,212,0,189,0,0,0
H R 2922,572,2013,113,213,1,186,2,0,0
H R 982,579,2013,113,216,7,5,192,0,0
H R 2655,581,2013,113,225,2,3,193,0,0
H R 3350,587,2013,113,222,4,39,153,0,0
H R 272,589,2013,113,208,0,180,0,0,0
H R 2728,604,2013,113,223,2,12,185,0,0
H R 1900,611,2013,113,226,0,26,165,0,0
H R 3547,612,2013,113,201,5,175,0,0,0
H R 3588,613,2013,113,209,0,175,0,0,0
H R 255,615,2013,113,220,0,186,0,0,0
H R 1204,617,2013,113,218,3,193,0,0,0
H R 3309,629,2013,113,195,27,130,64,0,0
H R 3521,630,2013,113,191,1,155,0,0,0
H R 1402,631,2013,113,196,0,157,0,0,0
H R 2019,632,2013,113,223,1,72,102,0,0
H R 2319,633,2013,113,225,0,173,0,0,0
S 1471,634,2013,113,225,1,173,0,0,0
H R 3212,635,2013,113,225,0,173,0,0,0
H R 1992,636,2013,113,225,0,174,0,0,0
H R 724,2,2014,113,220,0,185,0,0,0
H R 3527,3,2014,113,202,18,186,0,0,0
H R 3628,4,2014,113,221,0,185,0,0,0
H R 2279,10,2014,113,220,4,5,184,0,0
H R 3811,11,2014,113,224,0,67,122,0,0
H R 1513,12,2014,113,219,0,177,0,0,0
S 230,13,2014,113,211,7,176,0,0,0
H R 2274,14,2014,113,228,0,194,0,0,0
H R 801,15,2014,113,228,0,189,4,0,0
H R 2860,17,2014,113,227,0,191,0,0,0
H R 1233,18,2014,113,227,0,193,0,0,0
H R 3362,23,2014,113,226,0,33,154,0,0
H R 2166,24,2014,113,215,0,179,0,0,0
H R 1791,32,2014,113,209,2,182,0,0,0
H R 3964,50,2014,113,222,2,7,189,0,0
H R 2431,55,2014,113,192,21,173,0,0,0
S 25,60,2014,113,206,19,120,71,0,0
S 540,61,2014,113,28,199,193,2,0,0
H R 3448,62,2014,113,219,4,193,0,0,0
H R 1211,63,2014,113,220,0,190,0,0,0
H R 1944,67,2014,113,226,0,127,65,0,0
H R 3865,70,2014,113,1,228,176,13,0,0
H R 2804,78,2014,113,226,0,10,179,0,0
H R 899,90,2014,113,217,0,17,176,0,0
H R 3370,91,2014,113,126,86,180,5,0,0
H R 938,95,2014,113,223,1,187,0,0,0
H R 2126,98,2014,113,191,33,184,3,0,0
H R 2641,113,2014,113,217,0,12,179,0,0
H R 3474,115,2014,113,223,0,183,1,0,0
H R 4138,124,2014,113,228,0,5,181,0,0
H R 3973,129,2014,113,226,1,18,170,0,0
H R 3060,136,2014,113,218,0,180,0,0,0
H R 1813,137,2014,113,216,0,177,0,0,0
H R 1459,147,2014,113,219,10,3,191,0,0
H R 4278,148,2014,113,210,17,189,2,0,0
H R 4152,149,2014,113,190,32,188,2,0,0
S 2183,150,2014,113,211,10,188,2,0,0
H R 2575,156,2014,113,230,0,18,179,0,0
H R 1874,164,2014,113,220,0,4,182,0,0
H R 1872,166,2014,113,214,0,16,165,0,0
H R 1871,168,2014,113,223,0,7,185,0,0
H R 4192,178,2014,113,197,15,170,1,0,0
H R 4120,179,2014,113,211,0,173,0,0,0
H R 4414,182,2014,113,208,17,60,133,0,0
H R 627,183,2014,113,211,13,192,0,0,0
H R 4486,187,2014,113,225,1,191,0,0,0
H R 4487,193,2014,113,218,9,184,5,0,0
H R 4292,194,2014,113,202,4,186,0,0,0
H R 3584,195,2014,113,207,0,188,0,0,0
H R 863,201,2014,113,191,33,192,0,0,0
H R 685,219,2014,113,210,0,171,0,0,0
H R 4225,222,2014,113,220,1,172,18,0,0
H R 4031,229,2014,113,228,0,162,33,0,0
H R 3361,230,2014,113,179,51,124,70,0,0
H R 4435,240,2014,113,216,13,109,85,0,0
H R 503,242,2014,113,207,0,163,0,0,0
H R 4412,272,2014,113,218,2,183,0,0,0
H R 4810,287,2014,113,228,0,198,0,0,0
H R 4745,297,2014,113,215,12,14,180,0,0
H R 4800,307,2014,113,5,222,189,5,0,0
H R 4457,309,2014,113,219,2,53,142,0,0
H R 4453,311,2014,113,221,2,42,153,0,0
H R 1671,314,2014,113,218,0,180,0,0,0
H R 4870,338,2014,113,219,6,121,67,0,0
S 1044,339,2014,113,205,0,165,12,0,0
H R 316,340,2014,113,202,3,177,0,0,0
H R 4413,349,2014,113,219,1,46,143,0,0
H R 3301,354,2014,113,221,1,17,172,0,0
H R 4263,369,2014,113,197,19,178,0,0,0
H R 4289,370,2014,113,215,0,178,0,0,0
H R 803,378,2014,113,223,6,192,0,0,0
H R 4923,402,2014,113,218,11,35,159,0,0
H R 4718,404,2014,113,224,2,34,158,0,0
H R 4195,405,2014,113,206,0,180,0,0,0
H R 5029,406,2014,113,165,41,181,0,0,0
H R 5016,427,2014,113,222,4,6,191,0,0
H R 4719,432,2014,113,221,1,56,129,0,0
H R 4450,433,2014,113,164,57,183,0,0,0
H R 4411,434,2014,113,221,0,183,0,0,0
H R 1022,435,2014,113,78,142,182,1,0,0
H R 3136,441,2014,113,225,0,189,0,0,0
H R 4984,446,2014,113,214,11,191,0,0,0
H R 5111,447,2014,113,220,0,189,0,0,0
H R 3393,449,2014,113,195,26,32,161,0,0
H R 4935,451,2014,113,212,5,25,168,0,0
H R 5081,454,2014,113,210,0,189,0,0,0
H R 3202,456,2014,113,215,0,185,0,0,0
H R 3107,457,2014,113,210,8,185,0,0,0
H R 4315,463,2014,113,219,8,14,182,0,0
H R 4809,464,2014,113,193,30,193,2,0,0
H R 935,470,2014,113,230,0,37,161,0,0
H R 5021,473,2014,113,227,2,45,148,0,0
H R 5230,478,2014,113,222,4,1,185,0,0
H R 5272,479,2014,113,212,11,4,181,0,0
H R 5089,481,2014,113,222,0,179,0,0,0
H R 5019,482,2014,113,222,0,177,0,0,0
H R 4283,483,2014,113,218,1,180,0,0,0
H R 5078,489,2014,113,227,1,35,151,0,0
H R 2678,492,2014,113,227,2,195,0,0,0
H R 4751,493,2014,113,228,0,194,0,0,0
H R 3522,495,2014,113,222,0,25,167,0,0
H R 5161,496,2014,113,215,0,187,0,0,0
H R 5108,497,2014,113,173,22,154,0,0,0
S 2154,500,2014,113,219,4,191,0,0,0
H R 5405,501,2014,113,225,1,95,101,0,0
S 1603,503,2014,113,166,61,193,3,0,0
H R 24,504,2014,113,227,1,106,91,0,0
H R 5462,505,2014,113,226,0,197,0,0,0
S 476,506,2014,113,224,0,195,0,0,0
H R 2,515,2014,113,217,7,9,184,0,0
H R 4194,516,2014,113,209,0,173,0,0,0
H R 5682,519,2014,113,221,0,31,161,0,0
H R 5162,520,2014,113,207,1,171,0,0,0
H R 1422,525,2014,113,225,1,4,190,0,0
H R 4012,528,2014,113,229,1,8,189,0,0
H R 4795,531,2014,113,222,0,16,172,0,0
H R 5629,532,2014,113,201,11,173,0,0,0
H R 5050,535,2014,113,226,0,192,0,0,0
H R 3572,536,2014,113,219,7,191,0,0,0
H R 5739,537,2014,113,228,0,192,0,0,0
H R 3240,538,2014,113,229,0,193,0,0,0
H R 2366,539,2014,113,226,3,192,0,0,0
H R 5769,541,2014,113,222,0,191,3,0,0
H R 5771,544,2014,113,202,26,176,20,0,0
H R 647,545,2014,113,221,5,183,12,0,0
H R 5759,550,2014,113,216,7,3,190,0,0
H R 5781,553,2014,113,224,0,6,182,0,0
S 1000,555,2014,113,226,0,190,0,0,0
S 2244,557,2014,113,221,7,196,0,0,0
H R 4681,558,2014,113,184,45,141,55,0,0
H R 5806,562,2014,113,228,0,47,149,0,0
H R 83,563,2014,113,162,67,57,139,0,0
H R 5699,564,2014,113,175,38,186,1,0,0
H R 30,14,2015,114,240,0,12,172,0,0
H R 37,37,2015,114,242,1,29,153,0,0
H R 161,41,2015,114,239,0,14,169,0,0
H R 246,48,2015,114,237,0,174,0,0,0
H R 351,50,2015,114,236,1,41,132,0,0
H R 361,51,2015,114,221,2,156,0,0,0
H R 623,53,2015,114,173,50,155,1,0,0
S 1,75,2015,114,241,1,29,151,0,0
H R 431,76,2015,114,239,0,181,0,0,0
H R 636,82,2015,114,239,1,33,141,0,0
H R 212,84,2015,114,199,37,176,0,0,0
H R 1020,88,2015,114,232,8,180,0,0,0
H R 294,107,2015,114,232,0,173,0,0,0
H R 240,109,2015,114,75,167,182,0,0,0
H R 749,112,2015,114,132,101,184,0,0,0
H R 1030,125,2015,114,237,1,4,174,0,0
H R 360,130,2015,114,128,95,169,3,0,0
H R 216,134,2015,114,239,0,181,0,0,0
H R 1265,146,2015,114,230,0,171,2,0,0
H R 1480,147,2015,114,230,0,171,0,0,0
H R 650,151,2015,114,241,1,22,161,0,0
H R 1562,156,2015,114,241,0,183,0,0,0
H R 1563,157,2015,114,239,3,27,157,0,0
H R 622,159,2015,114,238,1,34,151,0,0
H R 1195,167,2015,114,231,5,4,178,0,0
H R 1560,170,2015,114,202,37,105,79,0,0
H R 1731,173,2015,114,220,19,135,44,0,0
H R 373,174,2015,114,239,0,174,0,0,0
H R 1324,175,2015,114,209,30,172,0,0,0
H R 651,177,2015,114,240,0,183,0,0,0
H R 606,216,2015,114,235,0,178,0,0,0
H R 1732,219,2015,114,237,0,24,155,0,0
H R 2048,224,2015,114,196,47,142,41,0,0
H R 1191,226,2015,114,223,19,177,6,0,0
H R 1313,241,2015,114,233,0,170,0,0,0
H R 1382,242,2015,114,234,0,170,0,0,0
H R 2353,249,2015,114,228,12,159,23,0,0
H R 1806,258,2015,114,217,23,0,182,0,0
H R 880,260,2015,114,237,1,37,144,0,0
H R 2262,262,2015,114,236,3,48,130,0,0
H R 1335,267,2015,114,220,3,5,149,0,0
H R 2289,309,2015,114,237,1,9,170,0,0
H R 2393,333,2015,114,234,10,66,121,0,0
H R 2559,365,2015,114,224,0,165,0,0,0
H R 2596,369,2015,114,216,25,31,153,0,0
H R 2146,374,2015,114,190,50,28,158,0,0
H R 160,375,2015,114,234,0,46,140,0,0
H R 1190,376,2015,114,233,0,11,154,0,0
H R 805,377,2015,114,211,24,167,1,0,0
H R 2042,384,2015,114,239,4,8,176,0,0
H R 1615,387,2015,114,242,0,181,0,0,0
H R 1295,388,2015,114,111,132,175,6,0,0
H R 91,391,2015,114,238,0,173,0,0,0
H R 2822,409,2015,114,221,21,1,185,0,0
H R 5,423,2015,114,218,27,0,186,0,0
H R 2647,428,2015,114,243,1,19,166,0,0
H R 6,433,2015,114,170,70,174,7,0,0
H R 2499,434,2015,114,235,1,175,0,0,0
H R 251,435,2015,114,243,1,169,0,0,0
H R 2997,436,2015,114,213,28,182,0,0,0
H R 1723,437,2015,114,244,0,182,0,0,0
H R 3038,441,2015,114,180,65,132,54,0,0
H R 2722,442,2015,114,235,9,186,0,0,0
H R 2898,447,2015,114,240,1,5,175,0,0
H R 1557,448,2015,114,233,0,170,0,0,0
H R 2256,449,2015,114,236,0,172,0,0,0
H R 1734,458,2015,114,239,1,19,165,0,0
H R 1599,463,2015,114,1,241,86,96,0,0
H R 3009,466,2015,114,235,5,6,174,0,0
S 1482,467,2015,114,224,0,154,0,0,0
H R 1656,468,2015,114,210,15,155,1,0,0
H R 2770,469,2015,114,224,0,156,0,0,0
H R 675,472,2015,114,242,0,167,0,0,0
H R 427,482,2015,114,241,0,2,165,0,0
H R 1300,485,2015,114,241,0,183,0,0,0
H R 3236,486,2015,114,215,25,170,9,0,0
H R 1994,489,2015,114,240,1,16,169,0,0
S 1359,490,2015,114,224,2,164,0,0,0
H R 3461,493,2015,114,0,244,162,25,0,0
H R 3460,494,2015,114,245,0,2,186,0,0
H R 1214,495,2015,114,229,0,174,0,0,0
H R 1949,496,2015,114,229,0,173,0,0,0
H R 758,501,2015,114,238,5,3,180,0,0
H R 3134,505,2015,114,239,3,2,184,0,0
H R 3504,506,2015,114,243,0,5,177,0,0
H R 322,507,2015,114,226,0,179,0,0,0
H R 348,518,2015,114,226,0,7,170,0,0
H R 2835,519,2015,114,239,0,171,0,0,0
H R 2786,520,2015,114,240,0,172,0,0,0
H R 3495,524,2015,114,234,9,2,184,0,0
S 2082,526,2015,114,240,0,183,0,0,0
H R 719,528,2015,114,91,151,186,0,0,0
H R 1735,532,2015,114,233,10,37,146,0,0
H R 3457,533,2015,114,241,0,10,173,0,0
H R 1553,534,2015,114,233,0,178,0,0,0
H R 1839,535,2015,114,231,0,173,0,0,0
H R 3192,540,2015,114,239,0,64,121,0,0
H R 538,544,2015,114,243,1,11,172,0,0
H R 702,549,2015,114,235,6,26,153,0,0
H R 3493,550,2015,114,234,4,177,0,0,0
H R 692,557,2015,114,235,9,0,185,0,0
H R 1937,565,2015,114,246,0,8,177,0,0
H R 3762,568,2015,114,239,7,1,182,0,0
H R 1090,575,2015,114,242,2,3,184,0,0
H R 597,576,2015,114,127,117,186,1,0,0
H R 1314,579,2015,114,79,167,187,0,0,0
H R 1853,582,2015,114,230,0,162,0,0,0
S 1356,618,2015,114,235,9,135,49,0,0
H R 308,626,2015,114,231,8,32,138,0,0
H R 1338,627,2015,114,237,0,172,0,0,0
H R 1384,628,2015,114,237,0,170,0,0,0
H R 1694,631,2015,114,239,2,46,136,0,0
H R 3114,632,2015,114,241,3,181,0,0,0
H R 511,633,2015,114,225,18,24,159,0,0
H R 1210,636,2015,114,243,1,12,173,0,0
H R 1737,637,2015,114,244,0,88,96,0,0
H R 3189,641,2015,114,239,5,2,180,0,0
H R 4038,643,2015,114,242,2,47,135,0,0
H R 2288,644,2015,114,234,0,173,0,0,0
H R 2270,645,2015,114,236,2,177,0,0,0
S 1170,648,2015,114,241,1,181,0,0,0
H R 4127,649,2015,114,220,22,144,36,0,0
S 1177,665,2015,114,178,64,181,0,0,0
H R 8,672,2015,114,240,3,9,171,0,0
H R 22,673,2015,114,178,65,181,0,0,0
H R 158,679,2015,114,242,0,165,19,0,0
H R 3842,680,2015,114,240,2,180,0,0,0
H R 2130,686,2015,114,240,4,13,173,0,0
H R 3578,687,2015,114,241,0,175,0,0,0
H R 2795,689,2015,114,225,12,171,0,0,0
H R 644,693,2015,114,232,3,24,155,0,0
H R 2820,695,2015,114,240,0,181,0,0,0
H R 4246,696,2015,114,239,1,180,0,0,0
S 1090,697,2015,114,239,1,181,0,0,0
H R 2297,698,2015,114,241,0,184,0,0,0
H R 3750,699,2015,114,238,2,183,0,0,0
H R 4239,700,2015,114,240,0,183,0,0,0
H R 2029,705,2015,114,150,95,166,18,0,0
H R 712,12,2016,114,241,0,3,173,0,0
H R 1927,33,2016,114,211,16,0,172,0,0
H R 598,34,2016,114,236,0,177,0,0,0
H R 3231,35,2016,114,235,0,179,0,0,0
H R 2187,46,2016,114,203,1,144,7,0,0
H R 4168,47,2016,114,224,1,166,0,0,0
H R 3700,52,2016,114,243,0,184,0,0,0
H R 3662,54,2016,114,243,0,3,181,0,0
H R 1675,61,2016,114,241,1,24,158,0,0
H R 766,63,2016,114,240,0,10,169,0,0
H R 3036,64,2016,114,216,12,171,0,0,0
H R 3293,70,2016,114,229,4,7,174,0,0
H R 3442,76,2016,114,239,0,28,151,0,0
H R 757,82,2016,114,232,2,176,0,0,0
H R 4408,83,2016,114,228,0,164,0,0,0
H R 2406,101,2016,114,230,4,12,157,0,0
H R 4238,102,2016,114,213,0,163,0,0,0
H R 136,103,2016,114,215,0,166,0,0,0
H R 3735,104,2016,114,205,9,166,0,0,0
H R 3716,105,2016,114,235,0,171,0,0,0
S 1826,108,2016,114,233,1,173,0,0,0
H R 4557,109,2016,114,231,0,7,163,0,0
S 2426,111,2016,114,225,0,156,0,0,0
H R 2081,116,2016,114,234,1,176,1,0,0
H R 3447,117,2016,114,230,1,176,2,0,0
H R 3797,123,2016,114,228,8,3,175,0,0
H R 4596,124,2016,114,231,0,180,0,0,0
H R 4416,125,2016,114,238,1,180,1,0,0
H R 4434,126,2016,114,238,1,179,1,0,0
H R 4314,130,2016,114,228,2,143,0,0,0
H R 4742,133,2016,114,229,4,154,0,0,0
H R 4336,135,2016,114,232,0,153,0,0,0
H R 2745,137,2016,114,230,1,5,170,0,0
H R 4676,140,2016,114,238,0,173,0,0,0
H R 3340,146,2016,114,238,1,1,178,0,0
H R 3791,149,2016,114,239,1,8,170,0,0
H R 2666,152,2016,114,236,0,5,173,0,0
H R 4570,153,2016,114,220,6,157,0,0,0
S 719,154,2016,114,227,0,160,0,0,0
H R 4885,161,2016,114,244,0,1,179,0,0
H R 4890,162,2016,114,238,0,22,158,0,0
H R 3724,163,2016,114,241,0,104,78,0,0
H R 4096,165,2016,114,229,0,166,3,0,0
H R 699,167,2016,114,238,0,181,0,0,0
H R 4498,171,2016,114,237,0,88,89,0,0
S 1890,172,2016,114,234,2,176,0,0,0
H R 2901,177,2016,114,234,0,185,0,0,0
H R 4901,179,2016,114,222,8,2,173,0,0
H R 4957,180,2016,114,235,0,166,0,0,0
H R 5052,181,2016,114,237,0,173,1,0,0
H R 4641,184,2016,114,231,4,181,0,0,0
H R 4843,185,2016,114,238,0,183,0,0,0
H R 5046,187,2016,114,233,5,180,0,0,0
H R 1818,188,2016,114,233,1,182,0,0,0
H R 4586,189,2016,114,234,4,181,0,0,0
H R 4743,194,2016,114,224,3,170,0,0,0
H R 5243,207,2016,114,238,4,3,180,0,0
H R 4909,216,2016,114,237,5,40,142,0,0
H R 4974,228,2016,114,238,4,57,125,0,0
H R 4889,229,2016,114,176,50,53,108,0,0
H R 3998,230,2016,114,227,2,162,0,0,0
H R 5077,235,2016,114,222,11,149,24,0,0
H R 5233,248,2016,114,238,0,2,179,0,0
S 2012,264,2016,114,25,211,180,1,0,0
H R 5055,266,2016,114,106,130,6,175,0,0
H R 4906,270,2016,114,222,0,141,0,0,0
H R 4904,271,2016,114,224,0,142,0,0,0
H R 3826,275,2016,114,234,2,167,0,0,0
H R 4775,282,2016,114,227,10,7,167,0,0
H R 4939,297,2016,114,215,6,171,0,0,0
H R 5312,298,2016,114,215,6,170,1,0,0
H R 5049,301,2016,114,232,9,180,0,0,0
H R 5053,303,2016,114,239,1,1,181,0,0
H R 5293,332,2016,114,234,6,48,132,0,0
H R 5471,333,2016,114,237,3,165,12,0,0
H R 5388,335,2016,114,211,4,140,0,0,0
H R 5389,336,2016,114,207,8,140,0,0,0
H R 2577,342,2016,114,233,2,6,169,0,0
H R 4854,349,2016,114,227,2,161,7,0,0
H R 1270,351,2016,114,233,0,10,164,0,0
S 1252,354,2016,114,186,53,183,0,0,0
H R 4361,376,2016,114,237,2,4,179,0,0
H R 5485,398,2016,114,235,7,4,178,0,0
S 524,399,2016,114,233,5,174,0,0,0
H R 5602,401,2016,114,187,46,169,1,0,0
H R 5607,402,2016,114,191,43,171,2,0,0
H R 5606,403,2016,114,147,86,82,91,0,0
H R 5658,410,2016,114,232,8,177,0,0,0
H R 4768,416,2016,114,239,0,1,171,0,0
S 764,466,2016,114,205,36,101,81,0,0
H R 5631,467,2016,114,238,4,8,175,0,0
H R 5538,477,2016,114,228,15,3,181,0,0
H R 4992,478,2016,114,240,3,6,178,0,0
H R 5578,479,2016,114,230,0,169,0,0,0
H R 3881,480,2016,114,229,0,166,3,0,0
H R 5063,488,2016,114,236,0,5,174,0,0
H R 2357,493,2016,114,234,1,2,177,0,0
H R 5424,495,2016,114,226,3,35,142,0,0
H R 3590,502,2016,114,236,2,25,145,0,0
H R 5587,503,2016,114,234,5,171,0,0,0
H R 5226,510,2016,114,240,0,10,171,0,0
H R 5620,519,2016,114,241,0,69,116,0,0
H R 5351,520,2016,114,232,4,12,170,0,0
H R 5785,522,2016,114,228,4,171,0,0,0
H R 5690,523,2016,114,234,0,170,0,0,0
H R 3957,528,2016,114,224,15,176,5,0,0
H R 5659,529,2016,114,242,0,181,0,0,0
H R 5713,530,2016,114,239,3,181,0,0,0
H R 5613,531,2016,114,240,0,180,0,0,0
H R 3438,535,2016,114,240,1,4,179,0,0
H R 5461,536,2016,114,240,2,42,141,0,0
H R 5859,537,2016,114,212,30,183,0,0,0
H R 6007,538,2016,114,242,0,183,0,0,0
H R 5977,539,2016,114,241,1,183,0,0,0
H R 6014,540,2016,114,242,0,183,0,0,0
H R 5147,541,2016,114,208,34,181,0,0,0
H R 5719,544,2016,114,232,1,55,123,0,0
H R 5320,545,2016,114,237,0,177,0,0,0
H R 5946,546,2016,114,238,0,177,1,0,0
H R 2285,547,2016,114,237,0,178,0,0,0
H R 5523,548,2016,114,238,0,177,0,0,0
H R 5625,549,2016,114,238,0,177,0,0,0
S 1550,550,2016,114,227,11,177,0,0,0
H R 4419,551,2016,114,238,0,176,0,0,0
H R 5963,552,2016,114,207,29,175,0,0,0
H R 5931,554,2016,114,238,1,16,162,0,0
H R 5037,555,2016,114,236,1,177,0,0,0
H R 5798,556,2016,114,216,22,176,0,0,0
H R 5392,558,2016,114,211,0,146,0,0,0
H R 954,563,2016,114,242,0,16,165,0,0
S 2040,564,2016,114,225,18,123,59,0,0
S 3283,567,2016,114,240,0,183,0,0,0
H R 5303,572,2016,114,223,21,176,4,0,0
H R 5325,573,2016,114,170,75,172,10,0,0
H R 6094,574,2016,114,241,0,5,177,0,0
H R 985,575,2016,114,188,37,167,1,0,0
H R 2669,576,2016,114,219,5,163,0,0,0
H R 6297,577,2016,114,236,1,183,0,0,0
H R 5982,585,2016,114,237,0,3,179,0,0
H R 5711,587,2016,114,235,0,8,174,0,0
H R 5422,588,2016,114,223,0,176,0,0,0
H R 4757,589,2016,114,225,0,176,0,0,0
H R 5047,591,2016,114,233,0,178,3,0,0
H R 34,592,2016,114,218,20,174,6,0,0
H R 6393,593,2016,114,232,6,158,24,0,0
H R 6392,599,2016,114,234,0,20,161,0,0
S 2943,600,2016,114,230,4,145,30,0,0
H R 5015,601,2016,114,223,0,169,0,0,0
H R 6427,602,2016,114,222,0,169,2,0,0
S 1635,603,2016,114,205,16,169,0,0,0
H R 6394,604,2016,114,233,4,178,0,0,0
H R 6416,606,2016,114,239,0,180,0,0,0
H R 1219,611,2016,114,232,1,180,0,0,0
S 3028,612,2016,114,223,7,178,1,0,0
H R 5143,613,2016,114,235,0,4,170,0,0
H R 6076,614,2016,114,236,0,177,0,0,0
S 2971,615,2016,114,229,7,176,0,0,0
H R 5790,616,2016,114,233,0,171,0,0,0
H R 4919,619,2016,114,167,65,179,1,0,0
H R 2028,620,2016,114,208,33,118,63,0,0
S 612,622,2016,114,222,17,138,44,0,0
H R 315,24,2017,115,227,0,178,0,0,0
H R 304,25,2017,115,225,0,179,0,0,0
H R 79,31,2017,115,236,0,108,73,0,0
H R 39,34,2017,115,217,17,169,0,0,0
H R 78,51,2017,115,234,1,9,183,0,0
H R 238,54,2017,115,232,1,7,181,0,0
S 84,59,2017,115,232,1,36,150,0,0
H R 423,60,2017,115,224,5,174,0,0,0
H R 374,66,2017,115,228,0,160,0,0,0
H R 689,79,2017,115,230,1,179,0,0,0
H R 337,80,2017,115,230,0,177,0,0,0
H R 974,87,2017,115,227,0,180,0,0,0
H R 428,92,2017,115,235,0,15,171,0,0
H R 998,114,2017,115,229,5,11,180,0,0
H R 1009,120,2017,115,234,0,7,184,0,0
H R 1004,126,2017,115,231,1,15,175,0,0
H R 1362,127,2017,115,226,2,185,0,0,0
H R 1301,136,2017,115,230,5,141,43,0,0
H R 720,158,2017,115,227,5,3,183,0,0
H R 132,159,2017,115,226,1,181,0,0,0
H R 648,160,2017,115,227,0,181,0,0,0
H R 1259,168,2017,115,227,3,10,175,0,0
H R 1181,169,2017,115,228,2,12,173,0,0
H R 1367,171,2017,115,232,0,180,0,0,0
H R 1294,173,2017,115,227,0,181,0,0,0
H R 1252,175,2017,115,225,1,182,0,0,0
H R 1297,181,2017,115,232,0,183,0,0,0
H R 372,184,2017,115,235,0,181,7,0,0
H R 1101,186,2017,115,232,0,4,175,0,0
H R 1238,187,2017,115,229,6,177,0,0,0
H R 1365,193,2017,115,236,0,188,0,0,0
H R 1117,195,2017,115,225,0,183,0,0,0
H R 1430,206,2017,115,225,7,3,187,0,0
H R 1431,208,2017,115,227,5,2,188,0,0
H R 479,210,2017,115,221,1,173,0,0,0
H R 1343,216,2017,115,229,1,102,86,0,0
H R 1304,220,2017,115,230,0,170,16,0,0
H R 1695,227,2017,115,233,2,145,46,0,0
S 496,231,2017,115,229,0,188,3,0,0
H R 1312,238,2017,115,223,0,183,0,0,0
H R 657,239,2017,115,223,0,184,0,0,0
H R 1679,242,2017,115,230,0,189,0,0,0
H R 1180,244,2017,115,229,6,0,191,0,0
H R 1665,248,2017,115,233,0,192,0,0,0
H R 244,249,2017,115,131,103,178,15,0,0
H R 1678,250,2017,115,232,0,191,0,0,0
H R 1628,256,2017,115,217,20,0,193,0,0
H R 1644,257,2017,115,232,1,187,0,0,0
H R 1616,258,2017,115,224,3,184,0,0,0
H R 1177,262,2017,115,231,1,187,0,0,0
H R 115,265,2017,115,223,4,48,139,0,0
H R 1039,268,2017,115,192,33,37,144,0,0
H R 1862,269,2017,115,219,2,153,28,0,0
H R 1842,270,2017,115,218,2,153,28,0,0
H R 467,278,2017,115,230,0,189,0,0,0
H R 953,282,2017,115,231,1,25,164,0,0
H R 1761,284,2017,115,231,2,137,49,0,0
H R 1973,285,2017,115,231,2,184,1,0,0
H R 2292,300,2017,115,222,1,178,0,0,0
H R 2457,301,2017,115,221,1,181,0,0,0
H R 2581,306,2017,115,231,1,7,183,0,0
S 1094,307,2017,115,231,1,137,54,0,0
H R 2579,308,2017,115,226,0,41,144,0,0
H R 2847,309,2017,115,217,8,174,0,0,0
H R 2866,310,2017,115,206,19,176,0,0,0
H R 1873,315,2017,115,231,0,69,118,0,0
H R 1654,319,2017,115,225,5,8,175,0,0
H R 2842,322,2017,115,214,13,163,21,0,0
H R 2547,323,2017,115,228,0,181,0,0,0
H R 2258,324,2017,115,228,0,181,0,0,0
H R 497,329,2017,115,235,0,189,0,0,0
H R 220,330,2017,115,235,1,189,0,0,0
H R 1215,337,2017,115,218,19,0,191,0,0
H R 1500,338,2017,115,233,0,190,0,0,0
H R 3003,342,2017,115,225,7,3,188,0,0
H R 3004,344,2017,115,233,1,24,166,0,0
H R 1397,345,2017,115,226,0,180,0,0,0
H R 1719,346,2017,115,216,15,185,0,0,0
H R 1492,349,2017,115,230,2,186,0,0,0
H R 23,352,2017,115,226,7,4,183,0,0
H R 2210,379,2017,115,224,0,177,0,0,0
H R 806,391,2017,115,225,11,4,188,0,0
H R 2910,402,2017,115,235,1,13,178,0,0
H R 2825,403,2017,115,227,9,159,32,0,0
H R 218,406,2017,115,233,3,15,176,0,0
H R 3218,409,2017,115,221,0,184,0,0,0
H R 3364,413,2017,115,229,3,190,0,0,0
H R 3219,435,2017,115,230,5,5,187,0,0
H R 3180,437,2017,115,223,6,157,29,0,0
S 114,438,2017,115,228,0,186,0,0,0
H R 3110,439,2017,115,226,1,181,0,0,0
H R 2864,440,2017,115,225,2,178,1,0,0
H R 601,480,2017,115,133,90,183,0,0,0
H R 2611,485,2017,115,214,0,176,0,0,0
H R 3697,517,2017,115,222,1,11,174,0,0
H R 3354,528,2017,115,210,14,1,184,0,0
H R 3284,529,2017,115,216,4,182,0,0,0
H R 2824,537,2017,115,212,20,2,189,0,0
H R 3823,542,2017,115,221,7,43,148,0,0
H R 2792,543,2017,115,223,3,21,168,0,0
H R 965,545,2017,115,229,0,172,0,0,0
H R 36,549,2017,115,234,2,3,187,0,0
S 782,550,2017,115,231,2,186,1,0,0
H R 1858,558,2017,115,222,0,175,0,0,0
H R 2464,559,2017,115,220,0,175,0,0,0
H R 452,562,2017,115,227,0,191,0,0,0
H R 3243,563,2017,115,227,0,191,0,0,0
S 585,568,2017,115,232,0,188,0,0,0
H R 3551,569,2017,115,222,1,180,0,0,0
S 504,570,2017,115,220,2,181,0,0,0
H R 732,580,2017,115,231,0,7,183,0,0
H R 3898,581,2017,115,228,2,187,0,0,0
H R 469,588,2017,115,232,0,2,187,0,0
H R 1698,590,2017,115,232,2,191,0,0,0
H R 2521,591,2017,115,218,0,176,1,0,0
H R 2936,598,2017,115,222,9,10,179,0,0
H R 3903,599,2017,115,232,0,187,0,0,0
H R 849,604,2017,115,231,0,76,111,0,0
H R 3922,606,2017,115,227,3,15,171,0,0
H R 3562,607,2017,115,223,0,177,0,0,0
H R 1066,608,2017,115,223,0,176,0,0,0
H R 3441,614,2017,115,234,0,8,181,0,0
H R 3911,615,2017,115,232,1,157,31,0,0
H R 4173,618,2017,115,230,0,190,0,0,0
H R 3043,620,2017,115,231,3,26,163,0,0
H R 3705,621,2017,115,233,0,189,0,0,0
H R 2201,622,2017,115,232,1,0,187,0,0
H R 3071,624,2017,115,221,0,175,0,0,0
H R 2874,630,2017,115,222,14,15,175,0,0
H R 2810,631,2017,115,229,7,127,63,0,0
H R 2331,634,2017,115,234,0,189,0,0,0
H R 3821,635,2017,115,230,0,190,0,0,0
H R 2672,636,2017,115,231,0,192,0,0,0
H R 2768,638,2017,115,225,0,184,0,0,0
H R 3115,639,2017,115,220,4,89,95,0,0
H R 3905,643,2017,115,208,22,8,182,0,0
H R 4182,648,2017,115,211,18,2,186,0,0
H R 3017,649,2017,115,220,8,189,0,0,0
H R 1699,651,2017,115,229,1,27,162,0,0
H R 3731,655,2017,115,229,4,178,0,0,0
H R 3317,656,2017,115,228,0,181,0,0,0
S 1266,661,2017,115,237,0,186,0,0,0
H R 38,663,2017,115,225,14,6,184,0,0
H R 477,669,2017,115,238,0,188,0,0,0
H R 2658,671,2017,115,206,29,182,0,0,0
H R 2706,672,2017,115,222,0,173,2,0,0
H R 1730,673,2017,115,222,2,180,0,0,0
H R 3971,675,2017,115,234,1,60,128,0,0
H R 1638,680,2017,115,233,3,56,132,0,0
H R 2396,682,2017,115,231,2,44,144,0,0
H R 4324,684,2017,115,229,4,23,163,0,0
H R 4375,686,2017,115,208,9,168,0,0,0
H R 3979,687,2017,115,202,14,169,0,0,0
H R 4254,690,2017,115,220,16,189,1,0,0
H R 4323,693,2017,115,232,1,188,0,0,0
H R 3312,694,2017,115,229,2,59,128,0,0
S 1536,695,2017,115,230,1,188,0,0,0
H R 1,699,2017,115,224,12,0,189,0,0
H R 1159,700,2017,115,227,0,184,0,0,0
H R 4015,702,2017,115,226,6,12,176,0,0
S 1393,706,2017,115,231,0,187,0,0,0
H R 1370,708,2017,115,217,16,14,172,0,0
H R 4667,709,2017,115,182,51,69,118,0,0
S 1532,710,2017,115,221,0,172,0,0,0
H R 4564,3,2018,115,235,0,178,0,0,0
H R 4581,4,2018,115,234,1,181,0,0,0
S 140,11,2018,115,216,15,23,158,0,0
H R 4567,12,2018,115,232,0,183,0,0,0
S 139,16,2018,115,191,45,65,119,0,0
H R 4578,17,2018,115,228,2,182,0,0,0
H R 4318,18,2018,115,222,0,180,0,0,0
S 117,19,2018,115,219,3,181,0,0,0
H R 4258,22,2018,115,224,5,188,0,0,0
H R 3326,24,2018,115,216,16,21,168,0,0
H R 4279,25,2018,115,230,1,188,1,0,0
H R 1660,34,2018,115,231,3,192,0,0,0
H R 4712,36,2018,115,235,0,6,183,0,0
H R 195,44,2018,115,221,6,45,144,0,0
S 534,45,2018,115,225,3,181,0,0,0
H R 1457,46,2018,115,219,8,178,0,0,0
H R 4547,51,2018,115,225,0,171,0,0,0
H R 772,56,2018,115,234,1,32,156,0,0
H R 3851,61,2018,115,224,0,183,0,0,0
H R 1997,62,2018,115,220,3,184,0,0,0
H R 1153,64,2018,115,228,0,52,131,0,0
H R 4771,66,2018,115,230,0,50,139,0,0
H R 4533,70,2018,115,220,0,182,0,0,0
H R 4979,71,2018,115,217,2,183,0,0,0
H R 3978,77,2018,115,228,1,43,144,0,0
H R 3299,78,2018,115,229,1,16,170,0,0
H R 620,80,2018,115,213,19,12,173,0,0
H R 4296,89,2018,115,226,3,19,166,0,0
H R 3183,92,2018,115,225,0,164,0,0,0
H R 4607,95,2018,115,226,0,38,143,0,0
H R 1119,101,2018,115,210,14,5,175,0,0
H R 4465,103,2018,115,222,6,170,0,0,0
H R 1116,108,2018,115,231,1,16,168,0,0
H R 4545,112,2018,115,231,1,52,132,0,0
H R 835,115,2018,115,220,3,165,0,0,0
H R 4566,119,2018,115,233,0,162,19,0,0
H R 5247,121,2018,115,232,2,35,147,0,0
H R 1625,127,2018,115,145,90,111,77,0,0
H R 4467,128,2018,115,230,0,178,0,0,0
H R 4203,131,2018,115,226,2,183,0,0,0
H R 4061,135,2018,115,231,1,66,120,0,0
H R 4293,137,2018,115,232,1,13,173,0,0
H R 4790,139,2018,115,222,1,78,103,0,0
H R 146,140,2018,115,215,2,168,0,0,0
S 167,141,2018,115,216,1,168,0,0,0
H R 5192,142,2018,115,230,1,190,0,0,0
H R 5445,145,2018,115,225,3,189,0,0,0
H R 5444,146,2018,115,227,0,187,0,0,0
H R 2905,147,2018,115,219,2,184,1,0,0
H R 5086,149,2018,115,199,16,180,0,0,0
H R 3144,153,2018,115,217,8,8,181,0,0
H R 5447,154,2018,115,227,0,188,0,0,0
H R 4744,161,2018,115,224,2,186,0,0,0
H R 4910,167,2018,115,218,0,170,0,0,0
H R 4335,168,2018,115,217,0,172,0,0,0
H R 2152,175,2018,115,219,8,2,189,0,0
H R 5645,177,2018,115,226,1,4,184,0,0
H R 3053,179,2018,115,221,5,119,67,0,0
H R 613,181,2018,115,214,0,164,0,0,0
S 35,187,2018,115,223,0,184,0,0,0
H R 5698,188,2018,115,220,11,162,24,0,0
S 2372,189,2018,115,231,0,116,70,0,0
H R 4830,207,2018,115,212,0,170,0,0,0
H R 4451,208,2018,115,210,0,167,1,0,0
H R 3832,209,2018,115,208,2,169,0,0,0
S 204,214,2018,115,228,0,22,169,0,0
S 2155,216,2018,115,225,1,33,158,0,0
H R 5005,231,2018,115,212,5,162,0,0,0
H R 2991,232,2018,115,211,9,162,0,0,0
H R 5655,233,2018,115,214,4,162,0,0,0
H R 3249,239,2018,115,216,13,178,0,0,0
H R 5041,259,2018,115,219,0,179,0,0,0
H R 5890,263,2018,115,222,3,184,0,0,0
H R 5891,264,2018,115,223,8,186,0,0,0
H R 5788,265,2018,115,222,3,131,49,0,0
H R 5735,266,2018,115,218,7,12,166,0,0
H R 2851,268,2018,115,197,12,42,130,0,0
H R 5687,269,2018,115,190,13,152,0,0,0
H R 5676,270,2018,115,203,3,153,0,0,0
H R 5797,276,2018,115,211,15,50,140,0,0
H R 4760,282,2018,115,193,41,0,190,0,0
H R 299,289,2018,115,221,0,161,0,0,0
H R 5783,290,2018,115,217,4,162,0,0,0
H R 4294,293,2018,115,216,2,176,0,0,0
H R 2083,294,2018,115,220,5,68,111,0,0
H R 5841,295,2018,115,222,2,178,0,0,0
H R 6136,297,2018,115,121,112,0,189,0,0
H R 5793,314,2018,115,195,19,173,0,0,0
H R 5749,315,2018,115,213,0,172,0,0,0
H R 200,321,2018,115,213,15,9,178,0,0
H R 3281,325,2018,115,224,6,9,178,0,0
H R 6237,326,2018,115,222,8,141,46,0,0
H R 50,328,2018,115,220,0,10,168,0,0
H R 4946,329,2018,115,211,0,157,0,0,0
H R 4960,330,2018,115,212,0,156,0,0,0
S 488,333,2018,115,227,2,179,2,0,0
H R 3030,334,2018,115,224,5,182,0,0,0
H R 4989,335,2018,115,227,0,185,0,0,0
H R 1037,338,2018,115,228,0,186,0,0,0
H R 2345,366,2018,115,211,1,168,0,0,0
H R 4881,367,2018,115,210,4,168,0,0,0
H R 184,372,2018,115,226,1,57,131,0,0
S 1182,373,2018,115,179,51,187,1,0,0
H R 5864,374,2018,115,229,0,188,0,0,0
H R 6311,376,2018,115,230,1,12,175,0,0
H R 6199,377,2018,115,231,1,46,141,0,0
H R 5515,379,2018,115,220,5,139,49,0,0
H R 6439,381,2018,115,213,8,59,111,0,0
H R 1635,385,2018,115,222,4,184,0,0,0
H R 6147,388,2018,115,5,218,182,0,0,0
H R 6691,393,2018,115,218,4,29,148,0,0
H R 5923,394,2018,115,208,3,171,0,0,0
H R 3186,395,2018,115,211,2,172,0,0,0
H R 4689,396,2018,115,209,1,169,0,0,0
H R 5895,399,2018,115,202,18,175,2,0,0
H R 6368,400,2018,115,214,6,175,0,0,0
H R 6369,401,2018,115,216,5,176,0,0,0
H R 5420,404,2018,115,216,15,178,0,0,0
H R 6157,405,2018,115,176,56,185,5,0,0
H R 6729,408,2018,115,202,29,95,95,0,0
H R 6757,411,2018,115,230,0,10,177,0,0
H R 6756,412,2018,115,229,0,31,156,0,0
H R 6760,414,2018,115,217,10,3,181,0,0
H R 6064,416,2018,115,209,4,176,0,0,0
H R 2615,417,2018,115,206,1,169,0,0,0
H R 5787,419,2018,115,198,1,177,0,0,0
H R 6784,420,2018,115,187,12,9,168,0,0
H R 5273,421,2018,115,193,16,183,0,0,0
H R 6207,422,2018,115,194,11,180,0,0,0
H R 7187,424,2018,115,172,46,178,0,0,0
H R 6901,425,2018,115,212,0,179,0,0,0
H R 3008,427,2018,115,206,4,176,0,0,0
H R 7217,428,2018,115,212,11,188,0,0,0
S 3029,429,2018,115,218,3,188,0,0,0
S 825,430,2018,115,216,3,187,0,0,0
H R 1222,436,2018,115,188,7,167,0,0,0
H R 6615,437,2018,115,185,6,167,0,0,0
S 2076,438,2018,115,195,3,166,0,0,0
S 2278,439,2018,115,191,4,166,0,0,0
H R 7327,440,2018,115,198,1,164,0,0,0
H R 7279,441,2018,115,186,10,165,0,0,0
H R 6227,442,2018,115,185,11,163,0,0,0
H R 6652,443,2018,115,197,1,162,0,0,0
S 1520,444,2018,115,189,10,161,1,0,0
S 3530,445,2018,115,170,28,161,0,0,0
S 756,448,2018,115,182,36,176,0,0,0
H R 7328,449,2018,115,201,9,166,0,0,0
H R 5075,450,2018,115,211,2,175,0,0,0
H R 7093,451,2018,115,215,0,171,5,0,0
S 2896,452,2018,115,216,0,175,0,0,0
S 2961,453,2018,115,213,2,175,0,0,0
S 2679,454,2018,115,213,1,176,0,0,0
H R 7227,455,2018,115,203,11,175,0,0,0
H R 4227,456,2018,115,211,2,177,0,0,0
S 2652,457,2018,115,212,2,178,0,0,0
S 2765,458,2018,115,213,0,176,0,0,0
H R 5509,459,2018,115,200,13,178,0,0,0
S 7,460,2018,115,212,0,178,0,0,0
S 2200,461,2018,115,204,9,175,0,0,0
H R 767,462,2018,115,208,6,178,0,0,0
S 2322,463,2018,115,194,20,36,142,0,0
H R 6418,464,2018,115,210,0,177,0,0,0
S 3444,465,2018,115,211,0,177,0,0,0
S 3777,466,2018,115,212,0,177,0,0,0
H R 88,470,2018,115,220,3,0,180,0,0
H R 2606,471,2018,115,220,0,179,0,0,0
H R 695,472,2018,115,217,8,0,177,0,0
H R 7318,475,2018,115,203,1,169,1,0,0
H R 7319,476,2018,115,204,0,168,1,0,0
H R 7329,477,2018,115,205,1,173,1,0,0
S 3367,478,2018,115,207,1,174,1,0,0
H R 7293,479,2018,115,200,6,175,0,0,0
S 2276,480,2018,115,208,2,174,0,0,0
S 3031,481,2018,115,208,1,175,0,0,0
S 3191,482,2018,115,203,6,173,0,0,0
H R 4174,484,2018,115,182,17,174,0,0,0
S 3277,485,2018,115,194,7,45,130,0,0
S 3661,486,2018,115,201,0,169,0,0,0
H R 2200,487,2018,115,194,7,174,0,0,0
S 1023,488,2018,115,157,43,175,0,0,0
S 1158,489,2018,115,194,4,173,0,0,0
S 1580,490,2018,115,188,5,174,0,0,0
S 1862,491,2018,115,197,0,173,0,0,0
S 3247,492,2018,115,178,18,174,0,0,0
S 512,493,2018,115,192,6,169,4,0,0
S 1934,494,2018,115,195,5,7,166,0,0
H R 6287,495,2018,115,198,3,173,0,0,0
S 3456,496,2018,115,192,5,173,0,0,0
H R 7388,497,2018,115,146,55,2,171,0,0
S 3628,500,2018,115,152,47,163,1,0,0
H R 269,13,2019,116,174,17,227,0,0,0
H R 226,18,2019,116,183,11,231,0,0,0
H R 264,21,2019,116,8,188,232,0,0,0
H R 265,25,2019,116,10,183,233,0,0,0
S 24,28,2019,116,180,7,231,0,0,0
H R 221,29,2019,116,185,1,226,0,0,0
H R 116,30,2019,116,180,2,223,0,0,0
H R 135,33,2019,116,193,0,231,0,0,0
H R 190,36,2019,116,188,6,227,0,0,0
H R 268,39,2019,116,6,187,231,0,0,0
H R 150,41,2019,116,191,0,231,0,0,0
H R 328,45,2019,116,170,3,207,0,0,0
H R 502,53,2019,116,188,3,224,0,0,0
H R 449,57,2019,116,183,10,229,2,0,0
H R 769,58,2019,116,186,9,228,3,0,0
H R 790,64,2019,116,29,161,230,0,0,0
H R 831,66,2019,116,176,19,228,0,0,0
H R 66,67,2019,116,171,22,228,0,0,0
H R 450,70,2019,116,191,0,226,0,0,0
H R 840,75,2019,116,178,9,222,0,0,0
H R 1079,77,2019,116,172,0,207,0,0,0
H R 995,84,2019,116,195,0,223,0,0,0
H R 539,88,2019,116,171,18,214,0,0,0
H R 276,89,2019,116,170,19,217,0,0,0
S 47,95,2019,116,133,62,230,0,0,0
H R 1112,103,2019,116,3,191,225,7,0,0
H R 1381,104,2019,116,187,0,229,0,0,0
S 49,105,2019,116,188,0,229,0,0,0
H R 1122,119,2019,116,168,22,219,0,0,0
H R 596,122,2019,116,195,1,232,0,0,0
H R 1388,128,2019,116,173,21,231,0,0,0
H R 297,129,2019,116,173,20,230,1,0,0
H R 7,134,2019,116,7,187,235,0,0,0
H R 1593,137,2019,116,168,18,216,0,0,0
H R 1590,138,2019,116,183,3,211,4,0,0
H R 540,142,2019,116,183,7,231,0,0,0
H R 829,151,2019,116,192,0,231,0,0,0
H R 1585,156,2019,116,33,157,230,1,0,0
H R 1331,158,2019,116,117,56,212,0,0,0
H R 1759,162,2019,116,167,24,226,0,0,0
H R 1876,170,2019,116,172,20,220,0,0,0
H R 9,184,2019,116,3,190,228,0,0,0
H R 1704,186,2019,116,177,16,223,0,0,0
H R 1503,187,2019,116,191,0,231,0,0,0
H R 1520,188,2019,116,192,0,229,0,0,0
H R 986,196,2019,116,4,183,226,0,0,0
H R 312,207,2019,116,47,144,228,2,0,0
H R 375,208,2019,116,101,88,222,8,0,0
H R 987,214,2019,116,5,183,229,0,0,0
H R 1952,218,2019,116,182,0,215,0,0,0
H R 2157,232,2019,116,132,58,222,0,0,0
H R 1921,241,2019,116,168,22,227,0,0,0
H R 2539,243,2019,116,167,13,217,0,0,0
H R 2590,244,2019,116,179,2,215,0,0,0
H R 3253,333,2019,116,142,46,229,0,0,0
H R 2740,367,2019,116,0,196,226,7,0,0
H R 3351,424,2019,116,0,191,224,5,0,0
H R 3401,429,2019,116,176,7,129,95,0,0
H R 2515,431,2019,116,181,11,229,0,0,1
H R 3050,432,2019,116,189,1,227,1,1,0
H R 2409,433,2019,116,185,6,228,0,0,1
H R 1044,437,2019,116,140,57,224,8,1,0
H R 2500,473,2019,116,0,188,220,8,0,1
H R 1327,474,2019,116,176,11,226,0,0,1
H R 2744,475,2019,116,186,1,227,0,1,0
H R 2037,477,2019,116,178,7,226,0,1,0
H R 3494,492,2019,116,171,23,226,7,0,1
H R 748,493,2019,116,189,2,230,3,0,1
H R 582,496,2019,116,3,192,228,6,0,1
H R 3304,499,2019,116,190,0,227,0,0,1
H R 3375,502,2019,116,195,2,234,0,0,1
H R 397,505,2019,116,29,168,235,0,0,1
H R 3239,507,2019,116,1,194,232,0,0,1
H R 693,510,2019,116,100,95,233,0,0,1
H R 3877,512,2019,116,41,156,5,228,1,0
H R 549,514,2019,116,39,158,232,0,1,0
H R 1420,515,2019,116,164,22,220,0,0,1
H R 1768,516,2019,116,76,112,219,1,0,1
H R 2852,519,2019,116,192,4,227,0,0,1
H R 205,521,2019,116,22,174,226,5,0,1
H R 1941,525,2019,116,12,183,226,5,0,1
H R 1146,530,2019,116,4,187,221,5,0,1
H R 4285,535,2019,116,190,1,226,0,1,0
H R 4378,538,2019,116,76,119,225,3,0,1
H R 1423,540,2019,116,2,183,223,2,0,1
H R 3190,541,2019,116,170,20,224,0,0,1
H R 1595,544,2019,116,91,102,229,1,1,0
H R 2203,546,2019,116,0,192,230,1,0,1
H R 3525,552,2019,116,2,182,227,2,1,0
H R 3722,554,2019,116,184,0,219,0,0,1
H R 2385,556,2019,116,192,0,217,0,0,1
H R 95,557,2019,116,192,0,215,0,1,0
H R 1815,564,2019,116,0,185,229,0,0,1
H R 3624,567,2019,116,2,183,224,0,0,1
H R 4406,569,2019,116,157,24,218,0,0,1
H R 4407,570,2019,116,171,7,218,0,0,1
H R 2513,577,2019,116,25,167,224,5,0,1
H R 2426,578,2019,116,185,5,225,0,0,1
H R 4617,583,2019,116,0,179,227,1,0,1
H R 777,584,2019,116,178,0,224,0,0,1
H R 2440,585,2019,116,79,107,217,1,0,1
H R 2115,586,2019,116,184,0,218,0,1,0
H R 4695,592,2019,116,176,15,226,1,1,0
H R 2181,597,2019,116,17,173,228,0,0,1
H R 1373,602,2019,116,9,183,227,1,0,1
H R 823,609,2019,116,5,180,222,1,0,1
H R 4162,610,2019,116,187,0,220,0,1,0
H R 3537,612,2019,116,196,0,228,0,0,1
H R 499,613,2019,116,194,0,228,0,1,0
H R 3734,614,2019,116,193,2,228,0,0,1
H R 4863,624,2019,116,13,179,222,4,0,1
H R 3702,625,2019,116,71,117,219,0,0,1
H R 4634,626,2019,116,167,21,218,0,0,1
H R 4344,627,2019,116,93,94,221,0,0,1
H R 5084,630,2019,116,55,134,226,0,0,1
H R 3055,631,2019,116,12,181,219,10,0,1
H R 737,634,2019,116,89,104,221,2,0,1
S 1838,635,2019,116,192,1,224,0,1,0
S 2710,636,2019,116,192,0,224,0,1,0
H R 1309,642,2019,116,32,157,219,0,0,1
S 178,644,2019,116,185,1,221,0,1,0
S 151,647,2019,116,193,2,224,0,0,1
H R 2534,649,2019,116,182,12,228,0,0,1
H R 4,654,2019,116,1,186,227,0,0,1
H R 4761,655,2019,116,179,0,214,0,0,1
H R 4739,656,2019,116,179,0,213,0,1,0
H R 5363,659,2019,116,93,95,226,0,0,1
H R 729,670,2019,116,1,192,227,0,1,0
S 1790,672,2019,116,189,6,188,41,0,1
H R 5038,675,2019,116,7,164,208,0,1,0
H R 3,682,2019,116,2,191,228,0,0,1
H R 4183,685,2019,116,187,1,220,0,1,0
H R 3530,686,2019,116,187,1,221,0,1,0
H R 722,687,2019,116,188,0,221,0,1,0
H R 2548,688,2019,116,186,6,223,0,0,1
H R 1865,689,2019,116,79,112,218,7,0,1
H R 1158,690,2019,116,130,62,150,75,0,1
H R 5377,700,2019,116,5,189,213,16,0,1
H R 5430,701,2019,116,192,2,193,38,0,1
H R 2881,4,2020,116,188,2,225,0,0,1
H R 535,13,2020,116,24,157,223,1,0,1
H R 2398,15,2020,116,146,31,215,0,1,0
H R 943,23,2020,116,175,4,218,0,0,1
H R 4704,24,2020,116,170,7,215,0,0,1
H R 4331,27,2020,116,163,21,229,0,0,1
H R 3621,31,2020,116,0,186,221,2,0,1
S 3201,32,2020,116,183,1,137,86,0,1
H R 4044,35,2020,116,132,61,223,0,0,1
H R 2382,37,2020,116,87,105,222,0,0,1
H R 2474,50,2020,116,5,186,219,7,0,1
H R 2932,55,2020,116,166,9,208,1,0,1
H R 3413,56,2020,116,172,3,207,1,1,0
H R 1980,59,2020,116,150,36,224,0,0,1
H R 2546,69,2020,116,6,182,225,0,0,1
H R 35,71,2020,116,188,3,222,0,0,1
H R 4852,72,2020,116,190,0,221,0,1,0
H R 2490,73,2020,116,182,9,220,0,0,1
H R 2819,76,2020,116,183,0,223,0,1,0
H R 2339,78,2020,116,5,177,208,17,0,1
H R 5003,79,2020,116,166,0,188,0,1,0
H R 5932,80,2020,116,166,0,189,0,1,0
H R 4508,82,2020,116,169,15,205,0,0,1
S 1678,85,2020,116,194,0,220,0,1,0
H R 6074,86,2020,116,192,2,222,0,1,0
H R 1140,90,2020,116,14,170,216,0,0,1
H R 1771,92,2020,116,178,0,212,0,1,0
S 760,97,2020,116,186,0,225,0,1,0
H R 6201,102,2020,116,140,40,223,0,0,0
H R 266,104,2020,116,177,4,211,1,0,0
H R 6800,109,2020,116,1,184,207,14,0,1
S 3744,110,2020,116,181,1,231,0,1,0
H R 6782,113,2020,116,38,146,231,0,0,1
H R 7010,114,2020,116,183,1,233,0,1,0
H R 6172,115,2020,116,73,100,211,21,0,1
H R 7120,119,2020,116,3,180,233,0,0,1
H R 1425,124,2020,116,2,177,232,1,0,1
H R 5332,126,2020,116,3,177,231,1,0,1
H R 7301,128,2020,116,0,178,232,1,0,1
H R 2486,154,2020,116,0,184,230,0,1,0
H R 1957,155,2020,116,81,104,229,2,0,1
H R 7573,156,2020,116,72,113,232,0,1,0
H R 7608,166,2020,116,0,181,224,7,0,1
S 2163,167,2020,116,139,1,228,0,1,0
H R 7027,171,2020,116,18,162,231,0,0,1
H R 7617,178,2020,116,0,184,217,12,0,1
H R 8015,182,2020,116,26,149,231,0,0,1
H R 4894,183,2020,116,179,1,222,0,1,0
S 2193,184,2020,116,179,2,223,0,1,0
H R 2639,189,2020,116,21,166,227,0,0,1
H R 7909,190,2020,116,160,32,227,0,0,1
H R 2574,192,2020,116,3,187,229,0,0,1
H R 2694,195,2020,116,103,72,226,0,0,1
H R 6210,196,2020,116,176,2,230,0,0,1
H R 5664,197,2020,116,182,0,231,0,1,0
H R 8337,198,2020,116,129,56,230,0,0,1
H R 451,201,2020,116,180,4,230,0,0,1
H R 4447,206,2020,116,7,166,213,18,0,1
H R 4764,211,2020,116,186,0,227,0,1,0
H R 925,214,2020,116,0,188,214,18,0,1
S 327,219,2020,116,171,0,229,0,1,0
S 3147,220,2020,116,167,0,226,0,1,0
H R 7995,228,2020,116,120,40,223,0,0,1
H R 1380,232,2020,116,48,113,224,0,0,1
S 2981,233,2020,116,38,123,227,0,0,1
H R 3884,235,2020,116,5,158,222,6,1,0
S 461,237,2020,116,160,5,228,0,0,1
H R 8354,239,2020,116,171,0,229,0,0,1
H R 8900,240,2020,116,111,66,232,0,0,1
S 906,242,2020,116,56,105,226,0,1,0
H R 5040,243,2020,116,157,5,225,0,0,1
S 2216,244,2020,116,151,0,228,0,1,0
H R 3250,245,2020,116,158,4,229,0,0,1
S 979,246,2020,116,155,1,230,0,1,0
H R 133,251,2020,116,128,50,230,2,1,1
H R 9051,252,2020,116,44,130,231,2,0,2
H R 6395,253,2020,116,109,66,212,20,1,1
H R 335,18,2021,117,121,63,205,15,0,0
H R 447,31,2021,117,28,173,219,0,0,0
H R 208,32,2021,117,203,0,203,15,0,0
H R 546,36,2021,117,195,11,219,0,0,0
H R 1192,37,2021,117,210,0,219,0,0,0
H R 1280,60,2021,117,1,210,219,2,0,0
H R 842,70,2021,117,5,205,220,1,0,0
H R 1319,72,2021,117,0,210,220,1,0,0
H R 1446,77,2021,117,2,208,217,2,0,0
H R 1799,80,2021,117,199,3,216,0,0,0
H R 485,81,2021,117,128,73,217,0,0,0
H R 1620,86,2021,117,29,172,215,0,0,0
H R 1085,87,2021,117,194,12,219,0,0,0
H R 1651,88,2021,117,188,14,211,0,0,0
H R 1652,89,2021,117,168,38,216,0,0,0
H R 1603,93,2021,117,30,173,217,1,0,0
H R 1868,98,2021,117,167,38,217,0,0,0
H R 172,99,2021,117,169,37,212,0,0,0
S 578,100,2021,117,198,11,217,0,0,0
S 164,101,2021,117,198,8,214,0,0,0
H R 1460,105,2021,117,158,49,204,0,0,0
H R 941,109,2021,117,200,2,215,0,0,0
H R 446,110,2021,117,199,8,214,0,0,0
H R 1762,111,2021,117,196,8,212,2,0,0
H R 1002,112,2021,117,201,5,210,0,0,0
H R 1899,113,2021,117,206,1,206,4,0,0
H R 1502,114,2021,117,186,16,211,0,0,0
H R 1487,115,2021,117,204,1,205,3,0,0
H R 1490,116,2021,117,192,16,208,0,0,0
H R 1482,119,2021,117,199,5,212,3,0,0
H R 1996,120,2021,117,106,101,215,0,0,0
H R 1333,127,2021,117,1,208,217,0,0,0
H R 1573,129,2021,117,0,207,217,0,0,0
H R 1392,130,2021,117,136,71,214,0,0,0
H R 51,132,2021,117,0,208,216,0,0,0
H R 2877,142,2021,117,178,28,145,65,0,0
H R 1065,143,2021,117,99,101,216,0,0,0
H R 2911,144,2021,117,206,0,205,4,0,0
S 937,145,2021,117,147,62,217,0,0,0
H R 1629,150,2021,117,187,23,215,0,0,0
H R 3233,154,2021,117,35,175,217,0,0,0
H R 3325,161,2021,117,188,21,218,0,0,0
H R 1187,169,2021,117,0,210,215,4,0,0
H R 256,172,2021,117,49,160,219,1,0,0
H R 1374,173,2021,117,194,9,204,12,0,0
H R 983,174,2021,117,205,0,211,5,0,0
H R 2062,180,2021,117,29,178,218,0,0,0
H R 1443,182,2021,117,33,176,219,0,0,0
H R 239,184,2021,117,26,181,219,0,0,0
H R 2225,186,2021,117,134,67,211,0,0,0
H R 3593,187,2021,117,134,68,217,0,0,0
H R 391,188,2021,117,90,112,217,0,0,0
H R 567,192,2021,117,181,11,214,4,0,0
H R 2662,195,2021,117,3,182,218,0,0,0
H R 3005,196,2021,117,67,120,218,0,0,0
H R 826,209,2021,117,198,0,217,0,0,0
H R 2467,217,2021,117,23,183,218,0,0,0
H R 3985,218,2021,117,192,16,215,0,0,0
H R 1664,220,2021,117,199,0,217,0,0,0
S 957,224,2021,117,205,0,219,0,0,0
S 1910,225,2021,117,198,6,215,1,0,0
H R 4373,243,2021,117,0,209,217,3,0,0
H R 3237,250,2021,117,203,5,213,6,0,0
H R 2497,253,2021,117,203,2,213,0,0,0
H R 4300,254,2021,117,207,0,213,0,0,0
S 325,255,2021,117,201,7,217,0,0,0
S 272,256,2021,117,207,1,216,0,0,0
S 189,262,2021,117,207,0,216,0,0,0
S 1828,265,2021,117,210,0,217,0,0,0
H R 5323,275,2021,117,210,1,210,8,0,0
H R 4350,293,2021,117,135,75,181,38,0,0
H R 3755,295,2021,117,0,210,218,1,0,0
H R 1693,297,2021,117,143,66,218,0,0,0
H R 4981,298,2021,117,193,14,217,0,0,0
H R 4250,299,2021,117,198,6,214,3,0,0
H R 1228,300,2021,117,175,31,211,4,0,0
H R 4686,301,2021,117,194,11,209,6,0,0
S 848,302,2021,117,190,16,216,0,0,0
H R 1154,303,2021,117,173,36,218,0,0,0
H R 3599,307,2021,117,192,15,218,0,0,0
S 1301,310,2021,117,1,210,218,2,0,0
H R 5305,311,2021,117,34,175,220,0,0,0
H R 3533,312,2021,117,204,4,212,5,0,0
H R 5434,313,2021,117,149,51,216,0,0,0
H R 1029,316,2021,117,207,0,214,3,0,0
H R 4089,317,2021,117,168,43,211,8,0,0
H R 4369,318,2021,117,151,56,217,0,0,0
H R 4611,319,2021,117,204,2,208,0,0,0
H R 654,321,2021,117,179,29,216,1,0,0
H R 3635,322,2021,117,184,22,213,0,0,0
H R 3919,323,2021,117,208,1,212,3,0,0
H R 4032,324,2021,117,193,17,217,0,0,0
H R 4067,325,2021,117,180,29,217,0,0,0
H R 4028,326,2021,117,199,10,214,4,0,0
H R 4111,332,2021,117,175,29,216,0,0,0
H R 2989,333,2021,117,184,19,216,0,0,0
H R 2119,336,2021,117,9,200,219,0,0,0
S 1502,337,2021,117,209,0,215,3,0,0
S 1511,338,2021,117,203,3,217,0,0,0
H R 5763,339,2021,117,145,55,213,4,0,0
H R 1619,340,2021,117,149,54,212,1,0,0
H R 2758,341,2021,117,144,59,213,0,0,0
H R 5221,343,2021,117,190,17,216,0,0,0
H R 3616,344,2021,117,182,23,217,0,0,0
S 108,345,2021,117,207,2,218,0,0,0
H R 2088,347,2021,117,193,12,214,4,0,0
H R 3469,348,2021,117,201,2,217,0,0,0
H R 4256,349,2021,117,195,10,218,0,0,0
H R 4481,351,2021,117,194,9,213,0,0,0
H R 4515,353,2021,117,193,14,216,0,0,0
S 1064,354,2021,117,202,6,185,29,0,0
H R 3992,358,2021,117,7,200,217,0,0,0
H R 1339,360,2021,117,166,40,217,1,0,0
H R 3193,361,2021,117,196,13,214,3,0,0
H R 3709,362,2021,117,195,11,207,0,0,0
H R 2220,363,2021,117,209,0,207,4,0,0
H R 390,364,2021,117,205,2,217,0,0,0
H R 4679,365,2021,117,193,14,216,0,0,0
H R 4660,366,2021,117,201,4,215,0,0,0
H R 3684,370,2021,117,8,205,220,0,0,0
S 1095,373,2021,117,207,0,217,0,0,0
S 796,374,2021,117,199,9,215,0,0,0
H R 4233,375,2021,117,208,0,212,4,0,0
H R 147,376,2021,117,210,0,217,0,0,0
H R 3730,380,2021,117,203,4,217,0,0,0
H R 5574,381,2021,117,152,49,217,0,0,0
H R 4026,387,2021,117,188,23,211,5,0,0
H R 550,388,2021,117,80,130,214,0,0,0
H R 2685,389,2021,117,191,19,213,0,0,0
H R 4045,390,2021,117,179,27,215,0,0,0
H R 4055,391,2021,117,194,17,214,0,0,0
H R 5720,392,2021,117,206,4,216,0,0,0
H R 4352,393,2021,117,90,120,212,7,0,0
H R 6119,400,2021,117,0,209,217,0,0,0
S 610,404,2021,117,1,212,221,0,0,0
S 1605,405,2021,117,194,19,169,51,0,0
H R 4996,406,2021,117,152,58,212,2,0,0
H R 4616,407,2021,117,201,9,214,0,0,0
H R 5290,408,2021,117,203,9,215,0,0,0
H R 4489,410,2021,117,170,42,215,0,0,0
H R 5608,411,2021,117,176,33,217,0,0,0
H R 5487,416,2021,117,192,18,216,0,0,0
H R 5561,417,2021,117,193,17,217,0,0,0
H R 5551,418,2021,117,194,15,211,5,0,0
H R 1667,419,2021,117,175,36,217,0,0,0
H R 4555,420,2021,117,153,58,216,0,0,0
H R 2355,422,2021,117,196,15,214,0,0,0
H R 2364,423,2021,117,196,14,215,0,0,0
H R 3743,424,2021,117,165,46,209,6,0,0
H R 3894,425,2021,117,162,48,216,0,0,0
H R 897,426,2021,117,180,30,215,0,0,0
H R 2074,427,2021,117,159,52,214,0,0,0
H R 3531,428,2021,117,210,1,215,0,0,0
H R 4706,429,2021,117,203,8,214,0,0,0
H R 5677,430,2021,117,202,1,212,0,0,0
H R 5679,431,2021,117,205,2,213,0,0,0
H R 5695,432,2021,117,206,1,209,4,0,0
H R 5705,433,2021,117,206,1,209,4,0,0
H R 5314,440,2021,117,1,208,219,0,0,0
H R 5665,448,2021,117,0,212,219,0,0,0
H R 5746,9,2022,117,0,203,220,0,0,0
S 2959,10,2022,117,195,6,219,0,0,0
S 452,11,2022,117,205,0,221,0,0,0
H R 4673,14,2022,117,44,163,221,0,0,0
H R 5577,15,2022,117,203,0,218,0,0,0
S 583,34,2022,117,205,5,221,0,0,0
S 566,37,2022,117,211,0,221,0,0,0
H R 3076,38,2022,117,120,92,222,0,0,0
H R 6617,39,2022,117,51,161,221,1,0,0
H R 2324,40,2022,117,208,1,220,0,0,0
H R 735,41,2022,117,203,4,219,0,0,0
H R 3485,43,2022,117,6,206,221,0,0,0
H R 3539,44,2022,117,200,1,217,0,0,0
S 321,46,2022,117,202,0,220,0,0,0
H R 55,47,2022,117,201,3,221,0,0,0
H R 3967,57,2022,117,34,174,222,0,0,0
H R 5616,58,2022,117,171,33,219,0,0,0
S 658,59,2022,117,184,19,219,0,0,0
H R 5681,60,2022,117,173,27,214,6,0,0
H R 3113,71,2022,117,197,9,217,0,0,0
H R 5001,72,2022,117,179,27,218,0,0,0
H R 6434,77,2022,117,188,16,218,0,0,0
H R 963,81,2022,117,1,209,221,0,0,0
H R 2116,82,2022,117,14,189,221,0,0,0
H R 1621,83,2022,117,191,12,214,0,0,0
S 3294,84,2022,117,136,63,213,0,0,0
H R 6865,85,2022,117,163,43,215,3,0,0
H R 2954,86,2022,117,198,5,216,0,0,0
S 2629,87,2022,117,159,48,218,0,0,0
H R 3359,88,2022,117,187,20,219,0,0,0
H R 4738,89,2022,117,159,47,217,0,0,0
H R 5706,90,2022,117,121,85,218,0,0,0
S 400,91,2022,117,197,4,220,0,0,0
H R 5673,92,2022,117,182,24,220,0,0,0
H R 5343,93,2022,117,189,17,220,0,0,0
H R 5547,94,2022,117,84,122,220,0,0,0
S 1226,96,2022,117,144,61,220,0,0,0
S 2126,97,2022,117,199,1,213,0,0,0
H R 4521,100,2022,117,205,0,146,74,0,0
H R 3617,107,2022,117,3,202,217,2,0,0
H R 5657,108,2022,117,126,75,217,0,0,0
H R 1916,109,2022,117,92,110,218,0,0,0
H R 1218,110,2022,117,190,11,219,0,0,0
H R 2501,111,2022,117,199,6,219,0,0,0
H R 4476,112,2022,117,135,68,213,7,0,0
H R 5689,113,2022,117,163,41,220,0,0,0
H R 5641,114,2022,117,197,9,217,2,0,0
H R 7276,121,2022,117,198,7,220,0,0,0
H R 3807,123,2022,117,6,199,217,4,0,0
H R 7108,124,2022,117,199,3,221,0,0,0
H R 6968,125,2022,117,194,7,219,2,0,0
S 497,126,2022,117,192,11,212,0,0,0
H R 7314,127,2022,117,192,3,202,0,0,0
H R 7372,128,2022,117,197,9,217,0,0,0
H R 496,129,2022,117,205,2,216,2,0,0
H R 6930,130,2022,117,203,4,214,4,0,0
H R 923,131,2022,117,189,19,217,1,0,0
H R 3344,133,2022,117,152,55,214,5,0,0
H R 7311,134,2022,117,196,9,219,0,0,0
H R 6089,136,2022,117,206,2,218,0,0,0
H R 4693,137,2022,117,164,44,220,0,0,0
S 812,138,2022,117,206,0,219,0,0,0
S 3522,141,2022,117,196,10,221,0,0,0
H R 7691,145,2022,117,149,57,219,0,0,0
H R 5324,151,2022,117,184,16,213,4,0,0
S 66,152,2022,117,198,4,214,3,0,0
H R 7077,153,2022,117,165,37,214,0,0,0
S 1872,155,2022,117,202,0,216,0,0,0
H R 5911,156,2022,117,115,88,214,0,0,0
H R 5914,157,2022,117,154,48,217,0,0,0
H R 7066,159,2022,117,202,2,216,0,0,0
H R 7081,160,2022,117,146,56,216,0,0,0
H R 6891,161,2022,117,201,2,215,0,0,0
H R 6899,162,2022,117,202,2,215,0,0,0
H R 224,164,2022,117,198,0,210,0,0,0
H R 700,165,2022,117,172,25,208,1,0,0
H R 5900,166,2022,117,196,0,205,1,0,0
H R 6386,167,2022,117,195,0,209,0,0,0
H R 903,172,2022,117,4,201,216,0,0,0
H R 92,174,2022,117,198,0,207,3,0,0
H R 207,175,2022,117,198,0,210,3,0,0
H R 209,176,2022,117,196,0,210,4,0,0
H R 3508,177,2022,117,196,0,212,3,0,0
H R 5129,182,2022,117,30,169,216,0,0,0
H R 6824,183,2022,117,168,31,218,0,0,0
H R 6825,184,2022,117,69,129,219,0,0,0
H R 7309,193,2022,117,4,196,216,0,0,0
S 2520,194,2022,117,187,14,217,0,0,0
H R 6873,195,2022,117,173,26,215,0,0,0
H R 6871,196,2022,117,186,11,212,4,0,0
H R 6868,197,2022,117,168,30,215,0,0,0
S 3527,198,2022,117,195,2,217,0,0,0
S 1760,199,2022,117,169,22,215,0,0,0
S 2514,200,2022,117,194,0,216,1,0,0
H R 7500,201,2022,117,191,2,211,0,0,0
H R 5754,202,2022,117,197,0,214,1,0,0
H R 6604,203,2022,117,198,1,214,0,0,0
S 2687,204,2022,117,192,6,212,0,0,0
H R 7375,205,2022,117,182,15,215,0,0,0
H R 6376,206,2022,117,155,43,215,0,0,0
H R 7153,207,2022,117,197,2,213,1,0,0
H R 6531,211,2022,117,38,165,220,0,0,0
H R 5738,214,2022,117,201,0,219,0,0,0
H R 7335,215,2022,117,199,0,218,0,0,0
H R 6961,216,2022,117,187,12,218,0,0,0
H R 7791,218,2022,117,194,9,220,0,0,0
H R 7790,220,2022,117,12,192,219,0,0,0
H R 350,221,2022,117,1,203,221,0,0,0
H R 2992,222,2022,117,181,21,219,0,0,0
H R 6943,223,2022,117,184,17,218,0,0,0
H R 2724,224,2022,117,202,0,218,0,0,0
S 4089,225,2022,117,183,17,218,0,0,0
H R 6052,226,2022,117,190,11,217,0,0,0
S 2533,227,2022,117,201,0,218,0,0,0
S 2102,228,2022,117,200,0,218,0,0,0
H R 7688,232,2022,117,0,203,217,4,0,0
H R 6087,233,2022,117,113,81,212,2,0,0
S 3823,234,2022,117,177,21,215,0,0,0
H R 7910,245,2022,117,5,202,218,2,0,0
H R 7352,246,2022,117,205,0,216,0,0,0
H R 7334,247,2022,117,203,0,213,3,0,0
H R 5879,248,2022,117,144,61,215,0,0,0
H R 7622,249,2022,117,152,52,216,0,0,0
H R 7664,250,2022,117,188,15,211,3,0,0
H R 7670,251,2022,117,185,19,217,0,0,0
H R 7694,252,2022,117,194,11,217,0,0,0
H R 7776,253,2022,117,169,37,215,0,0,0
H R 7667,254,2022,117,176,28,216,0,0,0
H R 2377,255,2022,117,5,201,219,1,0,0
S 3580,256,2022,117,156,42,213,0,0,0
H R 6270,257,2022,117,123,73,215,0,0,0
H R 2020,258,2022,117,198,2,214,0,0,0
S 4160,261,2022,117,205,0,191,27,0,0
H R 2773,267,2022,117,16,188,215,2,0,0
S 516,268,2022,117,169,29,211,1,0,0
H R 7211,269,2022,117,184,14,212,0,0,0
H R 2543,275,2022,117,0,204,215,3,0,0
H R 7606,277,2022,117,7,199,214,5,0,0
H R 7777,278,2022,117,153,47,215,0,0,0
H R 7666,286,2022,117,184,20,218,0,0,0
H R 5585,288,2022,117,119,85,217,0,0,0
S 2089,290,2022,117,159,42,217,0,0,0
H R 5407,291,2022,117,187,16,218,0,0,0
H R 6493,292,2022,117,155,49,216,0,0,0
H R 4176,296,2022,117,2,201,218,0,0,0
S 2938,299,2022,117,14,193,220,0,0,0
H R 521,301,2022,117,204,0,213,0,0,0
H R 5271,302,2022,117,118,81,212,0,0,0
H R 7174,305,2022,117,193,16,217,0,0,0
H R 5274,306,2022,117,211,0,218,0,0,0
H R 6538,307,2022,117,43,168,217,1,0,0
S 3373,309,2022,117,123,88,219,0,0,0
H R 7900,350,2022,117,149,62,180,39,0,0
H R 1934,351,2022,117,190,20,215,0,0,0
H R 7337,356,2022,117,189,21,217,0,0,0
H R 203,357,2022,117,169,35,217,0,0,0
H R 8296,360,2022,117,0,209,219,1,0,0
H R 8297,362,2022,117,3,205,220,0,0,0
H R 8351,363,2022,117,203,2,218,0,0,0
S 144,375,2022,117,164,41,215,0,0,0
H R 4404,376,2022,117,160,45,217,0,0,0
H R 7025,377,2022,117,162,43,217,0,0,0
H R 7693,378,2022,117,183,22,214,0,0,0
H R 8294,383,2022,117,0,207,220,0,0,0
H R 8373,385,2022,117,8,195,220,0,0,0
H R 6552,388,2022,117,183,20,218,0,0,0
H R 7289,389,2022,117,142,61,217,1,0,0
H R 7180,391,2022,117,134,69,216,0,0,0
H R 8454,392,2022,117,109,95,216,0,0,0
H R 7734,393,2022,117,135,69,214,1,0,0
H R 6929,396,2022,117,36,174,218,1,0,0
H R 3771,398,2022,117,18,192,219,0,0,0
H R 4040,400,2022,117,198,11,218,1,0,0
H R 4346,404,2022,117,24,187,219,0,0,0
H R 1808,410,2022,117,2,208,215,5,0,0
H R 5118,414,2022,117,1,198,217,1,0,0
H R 263,415,2022,117,63,134,215,0,0,0
H R 7283,416,2022,117,180,9,211,0,0,0
S 3451,417,2022,117,182,0,121,89,0,0
H R 5376,420,2022,117,0,207,220,0,0,0
S 4785,421,2022,117,204,0,211,0,0,0
H R 5315,422,2022,117,92,110,216,0,0,0
H R 884,427,2022,117,75,133,218,0,0,0
H R 5774,428,2022,117,190,17,216,3,0,0
S 2293,429,2022,117,168,38,219,0,0,0
S 442,430,2022,117,130,78,217,0,0,0
H R 302,432,2022,117,6,204,219,0,0,0
H R 8326,435,2022,117,0,208,220,0,0,0
H R 2988,437,2022,117,2,203,219,0,0,0
S 3895,438,2022,117,195,4,207,0,0,0
S 3157,439,2022,117,153,52,210,0,0,0
H R 1456,440,2022,117,79,125,211,0,0,0
S 2490,444,2022,117,197,12,217,0,0,0
S 1098,448,2022,117,14,193,218,0,0,0
H R 8873,449,2022,117,9,203,220,0,0,0
H R 6448,451,2022,117,153,55,207,9,0,0
H R 8542,452,2022,117,3,206,220,0,0,0
H R 4118,453,2022,117,1,207,219,0,0,0
H R 5768,454,2022,117,30,178,220,0,0,0
H R 3482,457,2022,117,153,56,216,0,0,0
H R 7780,459,2022,117,1,205,219,0,0,0
H R 3843,460,2022,117,39,168,203,16,0,0
S 4900,461,2022,117,196,9,219,0,0,0
H R 8466,462,2022,117,132,73,219,0,0,0
S 3470,463,2022,117,207,0,216,0,0,0
S 2551,464,2022,117,177,29,216,0,0,0
S 958,465,2022,117,197,7,217,0,0,0
H R 6965,466,2022,117,110,93,215,0,0,0
H R 7321,467,2022,117,156,52,218,0,0,0
S 3662,468,2022,117,165,42,216,0,0,0
H R 8888,469,2022,117,158,49,218,0,0,0
S 2794,470,2022,117,207,0,218,0,0,0
H R 8446,471,2022,117,113,95,218,0,0,0
H R 8463,472,2022,117,120,87,214,0,0,0
H R 6833,476,2022,117,10,201,220,0,0,0
H R 8987,477,2022,117,181,30,219,1,0,0
H R 5441,478,2022,117,91,111,213,0,0,0
S 4524,480,2022,117,100,109,215,0,0,0
S 3369,482,2022,117,142,62,217,0,0,0
S 4359,483,2022,117,201,2,217,0,0,0
S 3846,487,2022,117,176,22,213,0,0,0
H R 5455,488,2022,117,95,101,212,0,0,0
H R 3372,492,2022,117,41,167,218,0,0,0
H R 6878,493,2022,117,113,90,211,0,0,0
S 231,498,2022,117,186,22,214,0,0,0
S 3115,499,2022,117,193,14,213,0,0,0
H R 8876,500,2022,117,174,26,216,0,0,0
H R 7946,503,2022,117,3,208,217,0,0,0
S 4052,505,2022,117,191,17,217,0,0,0
H R 3462,506,2022,117,208,0,209,0,0,0
S 3875,507,2022,117,118,92,215,0,0,0
S 3499,508,2022,117,209,1,215,0,0,0
S 2796,509,2022,117,194,11,214,0,0,0
S 4834,510,2022,117,208,1,213,0,0,0
H R 5796,511,2022,117,180,24,216,0,0,0
H R 8404,514,2022,117,27,164,197,0,0,0
S 1617,517,2022,117,197,8,209,0,0,0
S 1466,518,2022,117,149,56,207,0,0,0
H R 7535,519,2022,117,204,3,216,0,0,0
H R 1437,523,2022,117,9,201,215,0,0,0
S 3905,524,2022,117,3,205,216,0,0,0
S 4003,525,2022,117,50,159,214,3,0,0
S 5230,526,2022,117,205,4,217,0,0,0
H R 8393,529,2022,117,16,191,217,0,0,0
H R 1948,530,2022,117,4,201,215,0,0,0
S 2333,532,2022,117,134,59,216,0,0,0
S 5168,533,2022,117,179,19,215,0,0,0
S 4926,534,2022,117,170,28,215,0,0,0
S 2834,535,2022,117,178,19,215,0,0,0
H R 1917,536,2022,117,178,19,215,0,0,0
S 3168,537,2022,117,163,33,215,0,0,0
S 3308,538,2022,117,185,11,212,1,0,0
H R 9640,539,2022,117,5,201,217,0,0,0
S 1942,540,2022,117,109,95,217,0,0,0
S 3773,541,2022,117,161,42,216,0,0,0
S 4104,542,2022,117,148,53,212,2,0,0
S 5087,543,2022,117,158,44,216,0,0,0
S 989,544,2022,117,129,71,213,0,0,0
S 1402,545,2022,117,122,79,215,0,0,0
H R 7939,546,2022,117,167,35,213,0,0,0
H R 2617,549,2022,117,9,200,216,1,0,0
H R 26,29,2023,118,219,0,1,210,0,0
H R 159,32,2023,118,217,2,205,0,0,0
H R 300,33,2023,118,220,0,205,0,0,0
H R 346,34,2023,118,217,4,207,0,0,0
H R 400,35,2023,118,206,13,205,0,0,0
H R 21,93,2023,118,220,0,1,205,0,0
H R 500,94,2023,118,215,0,204,0,0,0
H R 382,100,2023,118,220,0,0,210,0,0
H R 139,103,2023,118,218,1,3,205,0,0
H R 1226,132,2023,118,219,0,203,0,0,0
H R 1123,133,2023,118,191,22,202,0,0,0
H R 753,137,2023,118,219,0,207,0,0,0
H R 140,141,2023,118,219,0,0,206,0,0
S 619,143,2023,118,215,0,204,0,0,0
H R 1093,144,2023,118,209,0,184,4,0,0
H R 406,148,2023,118,184,33,204,0,0,0
H R 1149,189,2023,118,211,4,199,4,0,0
H R 734,192,2023,118,219,0,0,203,0,0
H R 1353,197,2023,118,214,1,208,0,0,0
H R 2811,199,2023,118,217,4,0,211,0,0
H R 676,203,2023,118,152,58,199,0,0,0
H R 1715,204,2023,118,158,50,198,0,0,0
H R 1163,211,2023,118,220,0,10,200,0,0
H R 3089,213,2023,118,212,0,200,0,0,0
H R 3091,222,2023,118,219,0,13,198,0,0
H R 2494,225,2023,118,219,0,36,175,0,0
H R 1076,228,2023,118,208,2,194,0,0,0
H R 1156,229,2023,118,205,5,195,0,0,0
H R 1669,235,2023,118,207,8,202,1,0,0
H R 2796,240,2023,118,131,67,178,0,0,0
H R 3746,243,2023,118,149,71,165,46,0,0
H R 2797,244,2023,118,206,0,177,18,0,0
H R 2793,245,2023,118,199,0,185,13,0,0
H R 2812,246,2023,118,193,10,197,0,0,0
H R 3099,251,2023,118,214,2,199,11,0,0
H R 277,265,2023,118,220,0,1,210,0,0
H R 1640,268,2023,118,220,0,29,181,0,0
H R 288,271,2023,118,219,1,1,210,0,0
H R 1606,272,2023,118,210,0,197,0,0,0
H R 3799,282,2023,118,220,0,0,209,0,0
H R 3564,289,2023,118,216,0,14,189,0,0
H R 1548,290,2023,118,199,11,199,0,0,0
H R 1096,291,2023,118,207,1,202,0,0,0
S 111,329,2023,118,207,0,193,0,0,0
H R 813,330,2023,118,191,22,195,0,0,0
H R 3941,340,2023,118,218,0,4,201,0,0
H R 3935,364,2023,118,187,31,164,38,0,0
H R 4470,366,2023,118,212,1,197,0,0,0
H R 4366,380,2023,118,219,2,0,209,0,0
H R 3152,383,2023,118,210,1,193,7,0,0
H R 589,384,2023,118,209,1,201,2,0,0
H R 1567,386,2023,118,206,4,200,0,0,0
H R 3324,387,2023,118,211,0,204,0,0,0
H R 1435,391,2023,118,214,0,8,190,0,0
H R 3981,392,2023,118,208,0,202,0,0,0
S 475,393,2023,118,209,0,200,0,0,0
H R 663,394,2023,118,177,32,201,0,0,0
S 112,399,2023,118,214,0,208,0,0,0
H R 1530,401,2023,118,214,0,209,0,0,0
H R 4665,500,2023,118,216,2,0,210,0,0
H R 5692,503,2023,118,101,117,210,0,0,0
H R 4367,505,2023,118,218,0,2,208,0,0
H R 4368,507,2023,118,191,27,0,210,0,0
H R 5525,511,2023,118,198,21,0,211,0,0
H R 5860,513,2023,118,126,90,209,1,0,0
H R 2379,514,2023,118,198,0,192,0,0,0
H R 4502,515,2023,118,198,1,196,0,0,0
H R 4394,558,2023,118,210,1,0,198,0,0
H R 340,561,2023,118,208,1,155,45,0,0
H R 4364,563,2023,118,210,0,4,197,0,0
H R 6126,577,2023,118,214,2,12,194,0,0
H R 4821,597,2023,118,212,3,1,200,0,0
H R 3774,598,2023,118,209,1,133,68,0,0
H R 1607,599,2023,118,200,1,184,0,0,0
H R 359,600,2023,118,175,24,184,0,0,0
H R 4820,621,2023,118,211,7,0,212,0,0
H R 4664,642,2023,118,216,2,4,200,0,0
H R 1105,643,2023,118,207,0,198,0,0,0
H R 593,644,2023,118,208,0,201,0,0,0
H R 6363,658,2023,118,127,93,209,2,0,0
H R 5894,675,2023,118,155,63,0,205,0,0
H R 5961,687,2023,118,217,1,90,118,0,0
H R 5283,689,2023,118,218,0,6,203,0,0
H R 1547,694,2023,118,154,61,202,0,0,0
H R 3848,695,2023,118,206,10,202,0,0,0
H R 542,696,2023,118,213,5,201,0,0,0
H R 5933,701,2023,118,215,0,31,170,0,0
H R 4468,703,2023,118,216,0,5,197,0,0
H R 3224,707,2023,118,207,0,187,0,0,0
H R 5378,708,2023,118,166,40,154,31,0,0
H R 6503,709,2023,118,191,15,185,0,0,0
S 788,712,2023,118,196,20,207,0,0,0
H R 5119,713,2023,118,213,1,207,0,0,0
H R 5524,714,2023,118,188,28,208,0,0,0
H R 4531,715,2023,118,190,26,196,11,0,0
H R 357,717,2023,118,215,0,3,203,0,0
H R 1147,718,2023,118,218,1,112,98,0,0
H R 2670,723,2023,118,147,73,163,45,0,0
H R 2365,724,2023,118,200,9,207,0,0,0
H R 788,7,2024,118,211,0,0,197,0,0
H R 5862,12,2024,118,200,9,203,0,0,0
S 3250,14,2024,118,205,7,208,0,0,0
H R 2872,15,2024,118,107,106,207,2,0,0
H R 6918,17,2024,118,214,0,0,208,0,0
H R 6914,19,2024,118,212,0,0,207,0,0
H R 5528,20,2024,118,197,0,200,0,0,0
S 3427,21,2024,118,178,20,201,0,0,0
H R 6678,27,2024,118,217,0,55,155,0,0
H R 6679,28,2024,118,215,0,207,2,0,0
H R 2754,29,2024,118,214,0,206,0,0,0
H R 7024,30,2024,118,169,47,188,23,0,0
H R 6976,31,2024,118,215,0,59,150,0,0
H R 2882,32,2024,118,148,58,202,0,0,0
H R 1727,36,2024,118,216,2,211,0,0,0
H R 2766,50,2024,118,206,6,208,0,0,0
H R 7176,52,2024,118,215,0,9,200,0,0
H R 533,53,2024,118,185,28,207,0,0,0
H R 5375,54,2024,118,173,37,206,2,0,0
H R 6544,55,2024,118,199,0,166,36,0,0
H R 7102,57,2024,118,194,16,208,0,0,0
H R 7463,58,2024,118,113,97,207,2,0,0
H R 7454,59,2024,118,191,19,210,0,0,0
H R 3391,60,2024,118,192,4,192,0,0,0
H R 3838,61,2024,118,187,12,195,0,0,0
H R 7511,66,2024,118,214,0,37,170,0,0
H R 2799,78,2024,118,212,0,0,205,0,0
H R 1752,79,2024,118,182,20,193,0,0,0
H R 6276,84,2024,118,211,2,6,201,0,0
H R 7521,86,2024,118,197,15,155,50,0,0
H R 4723,87,2024,118,174,29,191,1,0,0
H R 7520,91,2024,118,212,0,202,0,0,0
H R 1121,93,2024,118,214,0,15,188,0,0
H R 6009,95,2024,118,213,0,3,200,0,0
H R 1836,98,2024,118,188,24,205,0,0,0
H R 7023,101,2024,118,211,1,2,204,0,0
H R 1023,104,2024,118,208,1,1,203,0,0
S 2051,106,2024,118,202,0,204,0,0,0
S 382,110,2024,118,194,15,207,0,0,0
H R 7888,120,2024,118,117,86,142,42,0,0
H R 6408,121,2024,118,203,1,179,10,0,0
H R 5921,123,2024,118,206,1,88,104,0,0
H R 6245,126,2024,118,215,1,204,3,0,0
H R 6015,127,2024,118,213,1,195,12,0,0
H R 5917,128,2024,118,214,1,205,3,0,0
H R 6603,130,2024,118,215,1,191,18,0,0
H R 5826,131,2024,118,215,1,176,33,0,0
H R 3033,132,2024,118,213,1,194,15,0,0
H R 4639,136,2024,118,123,90,96,109,0,0
H R 6046,137,2024,118,213,1,72,134,0,0
H R 4691,138,2024,118,212,1,66,140,0,0
H R 5947,139,2024,118,212,1,47,159,0,0
H R 6323,140,2024,118,212,1,59,146,0,0
H R 3602,143,2024,118,210,0,5,199,0,0
H R 8038,145,2024,118,186,25,174,33,0,0
H R 8036,146,2024,118,178,34,207,0,0,0
H R 8035,151,2024,118,101,112,210,0,0,0
H R 8034,152,2024,118,193,21,173,37,0,0
H R 4866,153,2024,118,150,48,191,0,0,0
H R 4755,154,2024,118,162,36,192,0,0,0
H R 529,155,2024,118,208,0,194,6,0,0
H R 4824,156,2024,118,164,43,200,1,0,0
H R 4877,157,2024,118,131,75,202,0,0,0
H R 6093,158,2024,118,190,19,204,0,0,0
H R 3738,159,2024,118,199,10,204,0,0,0
H R 4016,160,2024,118,209,0,204,0,0,0
H R 1767,161,2024,118,202,6,204,0,0,0
H R 3397,165,2024,118,209,1,3,201,0,0
H R 615,167,2024,118,207,3,7,198,0,0
H R 764,169,2024,118,205,4,4,201,0,0
H R 3195,171,2024,118,210,0,2,203,0,0
H R 6090,172,2024,118,187,21,133,70,0,0
H R 6285,174,2024,118,209,1,5,198,0,0
H R 2925,175,2024,118,6,204,204,0,0,0
